k,n,id,orders,generator,P,P_coe,E,E_coe,H,H_coe,Element,gen_coe,,
-1,0,0,0,,,,,,,,0,0 0 0 0 0 0 0 0 0 0 0 0,,
0,1,0,0,,,,,,,,0,1 0 0 0 0 0 0 0 0 0 0 0,,
0,3,0,0,,,,,,,,0,1 0 0 0 0 0 0 0 0 0 0 0,,
0,5,0,0,,,,,,,,0,1 0 0 0 0 0 0 0 0 0 0 0,,
0,,,,,,,,,,,0,,,
1,1,0,0,,,,,,,,0,0 0 0 0 0 0 0 0 0 0 0 0,,
1,3,0,0,,,,,,,,0,1 0 0 0 0 0 0 0 0 0 0 0,,
1,5,0,0,,,,,,,,0,1 0 0 0 0 0 0 0 0 0 0 0,,
1,,,,,,,,,,,0,,,
2,1,0,3,i=Q^{1}(\iota),,,,,,,0,1 0 0 0 0 0 0 0 0 0 0 0,,a
2,3,0,0,,,,,,,,0,1 0 0 0 0 0 0 0 0 0 0 0,,
2,4,0,0,,,,,,,,0,1 0 0 0 0 0 0 0 0 0 0 0,,
2,,,,,,,,,,,,,,
3,1,0,0,,,,,,,,1,1 0 0 0 0 0 0 0 0 0 0 0,,
3,3,0,0,,,,,,,,1,1 0 0 0 0 0 0 0 0 0 0 0,,
3,5,0,0,,,,,,,,1,1 0 0 0 0 0 0 0 0 0 0 0,,
3,7,0,0,,,,,,,,1,1 0 0 0 0 0 0 0 0 0 0 0,,
3,,,,,,,,,,,,,,
4,1,0,0,,,,,,,,0,1 0 0 0 0 0 0 0 0 0 0 0,,
4,3,0,0,,,,,,,,0,1 0 0 0 0 0 0 0 0 0 0 0,,
4,5,0,0,,,,,,,,0,1 0 0 0 0 0 0 0 0 0 0 0,,
4,6,0,0,,,,,,,,0,1 0 0 0 0 0 0 0 0 0 0 0,,
4,,,,,,,,,,,,,,
5,1,0,3,Q^{1}(\alpha_{1}),,,,,,,0,1 0 0 0 0 0 0 0 0 0 0 0,,
5,3,0,0,,,,,,,,0,1 0 0 0 0 0 0 0 0 0 0 0,,
5,5,0,0,,,,,,,,0,1 0 0 0 0 0 0 0 0 0 0 0,,
5,7,0,0,,,,,,,,0,1 0 0 0 0 0 0 0 0 0 0 0,,
5,,,0,,,,,,,,,,,
6,1,0,3,\overline{Q}^{1}(\alpha_{1}),,,,,,,1,1 0 0 0 0 0 0 0 0 0 0 0,,
6,3,0,3,A_{0}(3)=Q^{2}(\iota),"[Toda3](4.2.1),\ P(A_{0}(3))=\alpha_{1}(3)^{2}",,,,,,0,1 0 0 0 0 0 0 0 0 0 0 0,,
6,5,0,0,,,,,,,,0,1 0 0 0 0 0 0 0 0 0 0 0,,
6,7,0,0,,,,,,,,0,1 0 0 0 0 0 0 0 0 0 0 0,,
6,8,0,0,,,,,,,,0,1 0 0 0 0 0 0 0 0 0 0 0,,
6,,,0,,,,,,,,,,,
7,1,0,0,,,,,,,,2,1 0 0 0 0 0 0 0 0 0 0 0,,
7,3,0,0,,,,,,,,2,1 0 0 0 0 0 0 0 0 0 0 0,,
7,5,0,0,,,,,,,,2,1 0 0 0 0 0 0 0 0 0 0 0,,
7,7,0,0,,,,,,,,2,1 0 0 0 0 0 0 0 0 0 0 0,,
7,9,0,0,,,,,,,,2,1 0 0 0 0 0 0 0 0 0 0 0,,
7,,,0,,,,,,,,,,,
8,1,0,0,,,,,,,,0,1 0 0 0 0 0 0 0 0 0 0 0,,
8,3,0,0,,,,,,,,0,1 0 0 0 0 0 0 0 0 0 0 0,,
8,5,0,0,,,,,,,,0,1 0 0 0 0 0 0 0 0 0 0 0,,
8,7,0,0,,,,,,,,0,1 0 0 0 0 0 0 0 0 0 0 0,,
8,9,0,0,,,,,,,,0,1 0 0 0 0 0 0 0 0 0 0 0,,
8,10,0,0,,,,,,,,0,1 0 0 0 0 0 0 0 0 0 0 0,,
8,,,0,,,,,,,,,,,
9,1,0,3,Q^{1}(\alpha_{2}),,,,,,,0,1 0 0 0 0 0 0 0 0 0 0 0,,
9,3,0,3,a=Q^{2}(\alpha_{1}),,,,,,,0,1 0 0 0 0 0 0 0 0 0 0 0,,a
9,5,0,0,,,,,,,,0,1 0 0 0 0 0 0 0 0 0 0 0,,
9,7,0,0,,,,,,,,0,1 0 0 0 0 0 0 0 0 0 0 0,,
9,9,0,0,,,,,,,,0,1 0 0 0 0 0 0 0 0 0 0 0,,
9,,2,0,,,,,,,,,,,
10,1,0,3,\overline{Q}^{1}(\alpha_{2}),,,,,,,0,1 0 0 0 0 0 0 0 0 0 0 0,,
10,3,0,3,\overline{Q}^{2}(\alpha_{1}),,,,,,,0,1 0 0 0 0 0 0 0 0 0 0 0,,
10,5,0,3,Q^{3}(\iota),P(Q^{3}(\iota))=3\beta_{1}(5),,,,,,0,1 0 0 0 0 0 0 0 0 0 0 0,,
10,7,0,0,,,,,,,,0,1 0 0 0 0 0 0 0 0 0 0 0,,
10,9,0,0,,,,,,,,0,1 0 0 0 0 0 0 0 0 0 0 0,,
10,11,0,0,,,,,,,,0,1 0 0 0 0 0 0 0 0 0 0 0,,
10,12,0,0,,,,,,,,0,1 0 0 0 0 0 0 0 0 0 0 0,,
10,,,0,,,,,,,,0,,,
11,1,0,0,,,,,,,,0,1 0 0 0 0 0 0 0 0 0 0 0,,
11,3,0,0,,,,,,,,0,1 0 0 0 0 0 0 0 0 0 0 0,,
11,5,0,0,,,,,,,,0,1 0 0 0 0 0 0 0 0 0 0 0,,
11,7,0,0,,,,,,,,0,1 0 0 0 0 0 0 0 0 0 0 0,,
11,9,0,0,,,,,,,,0,1 0 0 0 0 0 0 0 0 0 0 0,,
11,11,0,0,,,,,,,,0,1 0 0 0 0 0 0 0 0 0 0 0,,
11,,,0,,,,,,,,0,,,
12,1,0,3,b=Q^{1}(\beta_{1}),,,,,,,0,1 0 0 0 0 0 0 0 0 0 0 0,,b
12,3,0,0,,,,,,,,0,1 0 0 0 0 0 0 0 0 0 0 0,,
12,5,0,0,,,,,,,,0,1 0 0 0 0 0 0 0 0 0 0 0,,
12,7,0,0,,,,,,,,0,1 0 0 0 0 0 0 0 0 0 0 0,,
12,9,0,0,,,,,,,,0,1 0 0 0 0 0 0 0 0 0 0 0,,
12,11,0,0,,,,,,,,0,1 0 0 0 0 0 0 0 0 0 0 0,,
12,13,0,0,,,,,,,,0,1 0 0 0 0 0 0 0 0 0 0 0,,
12,14,0,0,,,,,,,,0,1 0 0 0 0 0 0 0 0 0 0 0,,
12,,,0,,,,,,,,0,,,
13,1,0,3,a_{3}(1),,,,,,,0,1 0 0 0 0 0 0 0 0 0 0 0,,
13,3,0,3,a_{2}(3),,,,,,,0,1 0 0 0 0 0 0 0 0 0 0 0,,
13,5,0,3,a_{1}(5),,,,,,,0,1 0 0 0 0 0 0 0 0 0 0 0,,
13,7,0,0,,,,,,,,0,1 0 0 0 0 0 0 0 0 0 0 0,,
13,9,0,0,,,,,,,,0,1 0 0 0 0 0 0 0 0 0 0 0,,
13,11,0,0,,,,,,,,0,1 0 0 0 0 0 0 0 0 0 0 0,,
13,13,0,0,,,,,,,,0,1 0 0 0 0 0 0 0 0 0 0 0,,
13,15,0,0,,,,,,,,0,1 0 0 0 0 0 0 0 0 0 0 0,,
13,,,0,,,,,,,,0,,,
14,1,0,3,\overline{Q}^{1}(\alpha_{3}),,,,,,,0,1 0 0 0 0 0 0 0 0 0 0 0,,
14,3,0,3,A_{2}(3)=\overline{Q}^{2}(\alpha_{2}),"[Toda3](4.2.1),\ P(A_{2}(3))=\alpha_{4}^{*}(3)",,,,,,0,1 0 0 0 0 0 0 0 0 0 0 0,,
14,5,0,3,A_{1}(5)=\overline{Q}^{3}(\alpha_{1}),"[Toda3](4.2.1),\ P(A_{1}(5))=\alpha_{4}^{*}(5)",,,,,,0,1 0 0 0 0 0 0 0 0 0 0 0,,
14,7,0,3,A_{0}(7)=Q^{4}(\iota),"[Toda3](4.2.1),\ P(A_{0}(7))=\alpha_{4}^{*}(7)",,,,,,0,1 0 0 0 0 0 0 0 0 0 0 0,,
14,9,0,0,,,,,,,,0,1 0 0 0 0 0 0 0 0 0 0 0,,
14,11,0,0,,,,,,,,0,1 0 0 0 0 0 0 0 0 0 0 0,,
14,13,0,0,,,,,,,,0,1 0 0 0 0 0 0 0 0 0 0 0,,
14,15,0,0,,,,,,,,0,1 0 0 0 0 0 0 0 0 0 0 0,,
14,16,0,0,,,,,,,,0,1 0 0 0 0 0 0 0 0 0 0 0,,
14,,,0,,,,,,,,0,,,
15,1,0,3,ab=Q^{1}(\alpha_{1}\beta_{1}),,,,,,,0,1 0 0 0 0 0 0 0 0 0 0 0,,ab
15,3,0,0,,,,,,,,0,1 0 0 0 0 0 0 0 0 0 0 0,,
15,5,0,0,,,,,,,,0,1 0 0 0 0 0 0 0 0 0 0 0,,
15,7,0,0,,,,,,,,0,1 0 0 0 0 0 0 0 0 0 0 0,,
15,9,0,0,,,,,,,,0,1 0 0 0 0 0 0 0 0 0 0 0,,
15,11,0,0,,,,,,,,0,1 0 0 0 0 0 0 0 0 0 0 0,,
15,13,0,0,,,,,,,,0,1 0 0 0 0 0 0 0 0 0 0 0,,
15,15,0,0,,,,,,,,0,1 0 0 0 0 0 0 0 0 0 0 0,,
15,17,0,0,,,,,,,,0,1 0 0 0 0 0 0 0 0 0 0 0,,
15,,,0,,,,,,,,0,,,
16,1,0,3,AB=\overline{Q}^{1}(\alpha_{1}\beta_{1}),,,,,,,0,1 0 0 0 0 0 0 0 0 0 0 0,,AB
16,3,0,3,b=Q^{2}(\beta_{1}),"[Toda3]p48, \ P(b)=P(Q^{2}(\beta_{1}))",,,,,,0,1 0 0 0 0 0 0 0 0 0 0 0,,b
16,5,0,0,,,,,,,,0,1 0 0 0 0 0 0 0 0 0 0 0,,
16,7,0,0,,,,,,,,0,1 0 0 0 0 0 0 0 0 0 0 0,,
16,9,0,0,,,,,,,,0,1 0 0 0 0 0 0 0 0 0 0 0,,
16,11,0,0,,,,,,,,0,1 0 0 0 0 0 0 0 0 0 0 0,,
16,13,0,0,,,,,,,,0,1 0 0 0 0 0 0 0 0 0 0 0,,
16,15,0,0,,,,,,,,0,1 0 0 0 0 0 0 0 0 0 0 0,,
16,17,0,0,,,,,,,,0,1 0 0 0 0 0 0 0 0 0 0 0,,
16,18,0,0,,,,,,,,0,1 0 0 0 0 0 0 0 0 0 0 0,,
16,,,0,,,,,,,,0,,,
17,1,0,3,a_{4}(1)=Q^{1}(\alpha_{4}),P H = 0,,,,,,0,1 0 0 0 0 0 0 0 0 0 0 0,,
17,3,0,3,a_{3}(3)=Q^{2}(\alpha'_{3}),P H = 0,,,,,,0,1 0 0 0 0 0 0 0 0 0 0 0,,
17,3,1,3,B=\overline{Q}^{2}(\beta_{1}),"[Toda3]p48, \ P(B)\ne0",,,,,,0,1 0 0 0 0 0 0 0 0 0 0 0,,B
17,5,0,3,a_{2}(5)=Q^{3}(\alpha_{2}),P H = 0,,,,,,0,1 0 0 0 0 0 0 0 0 0 0 0,,
17,7,0,3,a_{1}(7)=Q^{4}(\alpha_{1}),P H = 0,,,,,,0,1 0 0 0 0 0 0 0 0 0 0 0,,
17,9,0,0,,,,,,,,0,1 0 0 0 0 0 0 0 0 0 0 0,,
17,11,0,0,,,,,,,,0,1 0 0 0 0 0 0 0 0 0 0 0,,
17,13,0,0,,,,,,,,0,1 0 0 0 0 0 0 0 0 0 0 0,,
17,15,0,0,,,,,,,,0,1 0 0 0 0 0 0 0 0 0 0 0,,
17,17,0,0,,,,,,,,0,1 0 0 0 0 0 0 0 0 0 0 0,,
17,19,0,0,,,,,,,,0,1 0 0 0 0 0 0 0 0 0 0 0,,
17,,,0,,,,,,,,0,,,
18,1,0,3,\overline{Q}^{1}(\alpha_{4}),,,,,,,0,1 0 0 0 0 0 0 0 0 0 0 0,,
18,3,0,3,A_{3}(3)=\overline{Q}^{2}(\alpha_{3}),"[Toda3](4.2.1),\ P(A_{3}(3))=\alpha_{5}^{*}(3)",,,,,,0,1 0 0 0 0 0 0 0 0 0 0 0,,
18,5,0,3,A_{2}(5)=\overline{Q}^{3}(\alpha_{2}),"[Toda3](4.2.1),\ P(A_{2}(5))=\alpha_{5}^{*}(5)",,,,,,0,1 0 0 0 0 0 0 0 0 0 0 0,,
18,7,0,3,A_{1}(7)=\overline{Q}^{4}(\alpha_{1}),"[Toda3](4.2.1),\ P(A_{1}(7))=\alpha_{5}^{*}(7)",,,,,,0,1 0 0 0 0 0 0 0 0 0 0 0,,
18,9,0,3,A_{0}(9)=Q^{5}(\iota),"[Toda3](4.2.1),\ P(A_{0}(9))=\alpha_{5}^{*}(9)",,,,,,0,1 0 0 0 0 0 0 0 0 0 0 0,,
18,11,0,0,,,,,,,,0,1 0 0 0 0 0 0 0 0 0 0 0,,
18,13,0,0,,,,,,,,0,1 0 0 0 0 0 0 0 0 0 0 0,,
18,15,0,0,,,,,,,,0,1 0 0 0 0 0 0 0 0 0 0 0,,
18,17,0,0,,,,,,,,0,1 0 0 0 0 0 0 0 0 0 0 0,,
18,19,0,0,,,,,,,,0,1 0 0 0 0 0 0 0 0 0 0 0,,
18,20,0,0,,,,,,,,0,1 0 0 0 0 0 0 0 0 0 0 0,,
18,,,,,,,,,,,0,,,
19,1,0,0,,,,,,,,0,1 0 0 0 0 0 0 0 0 0 0 0,,
19,3,0,3,Q^{2}(\alpha_{1}\beta_{1}),,,,,,,0,1 0 0 0 0 0 0 0 0 0 0 0,,
19,5,0,0,,,,,,,,0,1 0 0 0 0 0 0 0 0 0 0 0,,
19,7,0,0,,,,,,,,0,1 0 0 0 0 0 0 0 0 0 0 0,,
19,9,0,0,,,,,,,,0,1 0 0 0 0 0 0 0 0 0 0 0,,
19,11,0,0,,,,,,,,0,1 0 0 0 0 0 0 0 0 0 0 0,,
19,13,0,0,,,,,,,,0,1 0 0 0 0 0 0 0 0 0 0 0,,
19,15,0,0,,,,,,,,0,1 0 0 0 0 0 0 0 0 0 0 0,,
19,17,0,0,,,,,,,,0,1 0 0 0 0 0 0 0 0 0 0 0,,
19,19,0,0,,,,,,,,0,1 0 0 0 0 0 0 0 0 0 0 0,,
19,21,0,0,,,,,,,,0,1 0 0 0 0 0 0 0 0 0 0 0,,
19,,,,,,,,,,,0,,,
20,1,0,0,,,,,,,,0,1 0 0 0 0 0 0 0 0 0 0 0,,
20,3,0,3,\overline{Q}^{2}(\alpha_{1}\beta_{1}),,,,,,,0,1 0 0 0 0 0 0 0 0 0 0 0,,
20,5,0,3,Q^{3}(\beta_{1}),,,,,,,0,1 0 0 0 0 0 0 0 0 0 0 0,,
20,7,0,0,,,,,,,,0,1 0 0 0 0 0 0 0 0 0 0 0,,
20,9,0,0,,,,,,,,0,1 0 0 0 0 0 0 0 0 0 0 0,,
20,11,0,0,,,,,,,,0,1 0 0 0 0 0 0 0 0 0 0 0,,
20,13,0,0,,,,,,,,0,1 0 0 0 0 0 0 0 0 0 0 0,,
20,15,0,0,,,,,,,,0,1 0 0 0 0 0 0 0 0 0 0 0,,
20,17,0,0,,,,,,,,0,1 0 0 0 0 0 0 0 0 0 0 0,,
20,19,0,0,,,,,,,,0,1 0 0 0 0 0 0 0 0 0 0 0,,
20,21,0,0,,,,,,,,0,1 0 0 0 0 0 0 0 0 0 0 0,,
20,22,0,0,,,,,,,,0,1 0 0 0 0 0 0 0 0 0 0 0,,
20,25,0,0,,,,,,,,0,1 0 0 0 0 0 0 0 0 0 0 0,,
21,1,0,3,Q^{1}(\alpha_{5})=a_{5},,,,,,,0,1 0 0 0 0 0 0 0 0 0 0 0,,
21,3,0,3,Q^{2}(\alpha_{4})=a_{4},,,,,,,0,1 0 0 0 0 0 0 0 0 0 0 0,,
21,5,0,3,Q^{3}(\alpha_{3})=a_{3},PH=0,,,,,,0,1 0 0 0 0 0 0 0 0 0 0 0,,
21,5,1,3,\overline{Q}^{3}(\beta_{1}),"[Toda3]Lem5.1(1), \ P(B)=\Delta(v(7))",,,,,,0,1 0 0 0 0 0 0 0 0 0 0 0,,
21,7,0,3,Q^{4}(\alpha_{2})=a_{2},,,,,,,0,1 0 0 0 0 0 0 0 0 0 0 0,,
21,9,0,3,Q^{5}(\alpha_{1}),"[Toda3]Lem5.1(1), \ P(a)=v(9)",,,,,,0,1 0 0 0 0 0 0 0 0 0 0 0,,
21,11,0,0,,,,,,,,0,1 0 0 0 0 0 0 0 0 0 0 0,,
21,13,0,0,,,,,,,,0,1 0 0 0 0 0 0 0 0 0 0 0,,
21,15,0,0,,,,,,,,0,1 0 0 0 0 0 0 0 0 0 0 0,,
21,17,0,0,,,,,,,,0,1 0 0 0 0 0 0 0 0 0 0 0,,
21,19,0,0,,,,,,,,0,1 0 0 0 0 0 0 0 0 0 0 0,,
21,21,0,0,,,,,,,,0,1 0 0 0 0 0 0 0 0 0 0 0,,
21,23,0,0,,,,,,,,0,1 0 0 0 0 0 0 0 0 0 0 0,,
21,25,0,0,,,,,,,,0,1 0 0 0 0 0 0 0 0 0 0 0,,
21,27,0,0,,,,,,,,0,1 0 0 0 0 0 0 0 0 0 0 0,,
21,29,0,0,,,,,,,,0,1 0 0 0 0 0 0 0 0 0 0 0,,
21,31,0,0,,,,,,,,0,1 0 0 0 0 0 0 0 0 0 0 0,,
21,33,0,0,,,,,,,,0,1 0 0 0 0 0 0 0 0 0 0 0,,
21,35,0,0,,,,,,,,0,1 0 0 0 0 0 0 0 0 0 0 0,,
21,37,0,0,,,,,,,,0,1 0 0 0 0 0 0 0 0 0 0 0,,
21,39,0,0,,,,,,,,0,1 0 0 0 0 0 0 0 0 0 0 0,,
21,41,0,0,,,,,,,,0,1 0 0 0 0 0 0 0 0 0 0 0,,
21,43,0,0,,,,,,,,0,1 0 0 0 0 0 0 0 0 0 0 0,,
22,1,0,3,\overline{Q}^{1}(\alpha_{5})=A_{5},,,,,,,0,1 0 0 0 0 0 0 0 0 0 0 0,,
22,1,1,3,Q^{1}(\beta_{1}^{2}),,,,,,,0,1 0 0 0 0 0 0 0 0 0 0 0,,
22,3,0,3,\overline{Q}^{2}(\alpha_{4})=A_{4},PH=0,,,,,,0,1 0 0 0 0 0 0 0 0 0 0 0,,
22,5,0,3,\overline{Q}^{3}(\alpha_{3})=A_{3},"[Toda3](4.2.1),\ P(A_{3})=\alpha_{6}^{*}(5)=3\alpha_{6}^{*}{'}(5)",,,,,,0,1 0 0 0 0 0 0 0 0 0 0 0,,
22,7,0,3,\overline{Q}^{4}(\alpha_{2})=A_{2},"[Toda3](4.2.1),\ P(A_{2})=\alpha_{6}^{*}(7)=3\alpha_{6}^{*}{'}(7)",,,,,,0,1 0 0 0 0 0 0 0 0 0 0 0,,
22,9,0,3,\overline{Q}^{5}(\alpha_{1})=A_{1},"[Toda3](4.2.1),\ P(A_{1})=\alpha_{6}^{*}(9)=3\alpha_{6}^{*}{'}(9)",,,,,,0,1 0 0 0 0 0 0 0 0 0 0 0,,
22,11,0,3,Q^{6}(\iota)=A_{0},"[Toda3](4.2.1),\ P(A_{0})=\alpha_{6}^{*}(11)",,,,,,0,1 0 0 0 0 0 0 0 0 0 0 0,,
22,13,0,0,,,,,,,,0,1 0 0 0 0 0 0 0 0 0 0 0,,
22,15,0,0,,,,,,,,0,1 0 0 0 0 0 0 0 0 0 0 0,,
22,17,0,0,,,,,,,,0,1 0 0 0 0 0 0 0 0 0 0 0,,
22,19,0,0,,,,,,,,0,1 0 0 0 0 0 0 0 0 0 0 0,,
22,21,0,0,,,,,,,,0,1 0 0 0 0 0 0 0 0 0 0 0,,
22,23,0,0,,,,,,,,0,1 0 0 0 0 0 0 0 0 0 0 0,,
22,25,0,0,,,,,,,,0,1 0 0 0 0 0 0 0 0 0 0 0,,
22,27,0,0,,,,,,,,0,1 0 0 0 0 0 0 0 0 0 0 0,,
22,29,0,0,,,,,,,,0,1 0 0 0 0 0 0 0 0 0 0 0,,
22,31,0,0,,,,,,,,0,1 0 0 0 0 0 0 0 0 0 0 0,,
22,33,0,0,,,,,,,,0,1 0 0 0 0 0 0 0 0 0 0 0,,
22,35,0,0,,,,,,,,0,1 0 0 0 0 0 0 0 0 0 0 0,,
22,37,0,0,,,,,,,,0,1 0 0 0 0 0 0 0 0 0 0 0,,
22,39,0,0,,,,,,,,0,1 0 0 0 0 0 0 0 0 0 0 0,,
22,41,0,0,,,,,,,,0,1 0 0 0 0 0 0 0 0 0 0 0,,
22,43,0,0,,,,,,,,0,1 0 0 0 0 0 0 0 0 0 0 0,,
23,1,0,3,\overline{Q}^{1}(\beta_{1}^2),,,,,,,0,1 0 0 0 0 0 0 0 0 0 0 0,,
23,3,0,0,,,,,,,,0,1 0 0 0 0 0 0 0 0 0 0 0,,
23,5,0,3,Q^3(\alpha_{1}\beta_{1}),,,,,,,0,1 0 0 0 0 0 0 0 0 0 0 0,,
23,7,0,0,,,,,,,,0,1 0 0 0 0 0 0 0 0 0 0 0,,
23,9,0,0,,,,,,,,0,1 0 0 0 0 0 0 0 0 0 0 0,,
23,11,0,0,,,,,,,,0,1 0 0 0 0 0 0 0 0 0 0 0,,
23,13,0,0,,,,,,,,0,1 0 0 0 0 0 0 0 0 0 0 0,,
23,15,0,0,,,,,,,,0,1 0 0 0 0 0 0 0 0 0 0 0,,
23,17,0,0,,,,,,,,0,1 0 0 0 0 0 0 0 0 0 0 0,,
23,19,0,0,,,,,,,,0,1 0 0 0 0 0 0 0 0 0 0 0,,
23,21,0,0,,,,,,,,0,1 0 0 0 0 0 0 0 0 0 0 0,,
23,23,0,0,,,,,,,,0,1 0 0 0 0 0 0 0 0 0 0 0,,
23,25,0,0,,,,,,,,0,1 0 0 0 0 0 0 0 0 0 0 0,,
23,27,0,0,,,,,,,,0,1 0 0 0 0 0 0 0 0 0 0 0,,
23,29,0,0,,,,,,,,0,1 0 0 0 0 0 0 0 0 0 0 0,,
23,31,0,0,,,,,,,,0,1 0 0 0 0 0 0 0 0 0 0 0,,
23,33,0,0,,,,,,,,0,1 0 0 0 0 0 0 0 0 0 0 0,,
23,35,0,0,,,,,,,,0,1 0 0 0 0 0 0 0 0 0 0 0,,
23,37,0,0,,,,,,,,0,1 0 0 0 0 0 0 0 0 0 0 0,,
23,39,0,0,,,,,,,,0,1 0 0 0 0 0 0 0 0 0 0 0,,
23,41,0,0,,,,,,,,0,1 0 0 0 0 0 0 0 0 0 0 0,,
23,43,0,0,,,,,,,,0,1 0 0 0 0 0 0 0 0 0 0 0,,
24,1,0,0,,,,,,,,0,1 0 0 0 0 0 0 0 0 0 0 0,,
24,3,0,0,,,,,,,,0,1 0 0 0 0 0 0 0 0 0 0 0,,
24,5,0,3,\overline{Q}^{3}(\alpha_{1}\beta_{1}),"[Toda3]p48, \ \Delta(P(b))=P(AB)",,,,,,0,1 0 0 0 0 0 0 0 0 0 0 0,,
24,7,0,3,Q^{4}(\beta_{1}),"[Toda3]p48, \ P(b)\ne0",,,,,,0,1 0 0 0 0 0 0 0 0 0 0 0,,
24,9,0,0,0,,,,,,,0,1 0 0 0 0 0 0 0 0 0 0 0,,
24,11,0,0,0,,,,,,,0,1 0 0 0 0 0 0 0 0 0 0 0,,
24,13,0,0,0,,,,,,,0,1 0 0 0 0 0 0 0 0 0 0 0,,
24,15,0,0,0,,,,,,,0,1 0 0 0 0 0 0 0 0 0 0 0,,
24,17,0,0,0,,,,,,,0,1 0 0 0 0 0 0 0 0 0 0 0,,
24,19,0,0,0,,,,,,,0,1 0 0 0 0 0 0 0 0 0 0 0,,
24,21,0,0,0,,,,,,,0,1 0 0 0 0 0 0 0 0 0 0 0,,
24,23,0,0,0,,,,,,,0,1 0 0 0 0 0 0 0 0 0 0 0,,
24,25,0,0,0,,,,,,,0,1 0 0 0 0 0 0 0 0 0 0 0,,
24,27,0,0,0,,,,,,,0,1 0 0 0 0 0 0 0 0 0 0 0,,
24,29,0,0,0,,,,,,,0,1 0 0 0 0 0 0 0 0 0 0 0,,
24,31,0,0,0,,,,,,,0,1 0 0 0 0 0 0 0 0 0 0 0,,
24,33,0,0,0,,,,,,,0,1 0 0 0 0 0 0 0 0 0 0 0,,
24,35,0,0,0,,,,,,,0,1 0 0 0 0 0 0 0 0 0 0 0,,
24,37,0,0,0,,,,,,,0,1 0 0 0 0 0 0 0 0 0 0 0,,
24,39,0,0,0,,,,,,,0,1 0 0 0 0 0 0 0 0 0 0 0,,
24,41,0,0,0,,,,,,,0,1 0 0 0 0 0 0 0 0 0 0 0,,
24,43,0,0,0,,,,,,,0,1 0 0 0 0 0 0 0 0 0 0 0,,
25,1,0,3,Q^{1}(\alpha'_{6}),,,,,,,0,1 0 0 0 0 0 0 0 0 0 0 0,,
25,1,1,3,Q^{1}(\alpha_{1}\beta_{1}^{2}),,,,,,,0,0 1 0 0 0 0 0 0 0 0 0 0,,
25,3,0,3,Q^{2}(\alpha_{5}),,,,,,,0,1 0 0 0 0 0 0 0 0 0 0 0,,
25,5,0,3,Q^{3}(\alpha_{4}),,,,,,,0,1 0 0 0 0 0 0 0 0 0 0 0,,
25,7,0,3,Q^{4}(\alpha'_{3}),PH=0,,,,,,0,1 0 0 0 0 0 0 0 0 0 0 0,,
25,7,1,3,\overline{Q}^{4}(\beta_{1}),PH=0,,,,,,0,0 1 0 0 0 0 0 0 0 0 0 0,,
25,9,0,3,Q^{5}(\alpha_{2}),PH=0,,,,,,0,1 0 0 0 0 0 0 0 0 0 0 0,,
25,11,0,3,Q^{6}(\alpha_{1}),,,,,,,0,1 0 0 0 0 0 0 0 0 0 0 0,,
25,13,0,0,0,,,,,,,0,1 0 0 0 0 0 0 0 0 0 0 0,,
25,15,0,0,0,,,,,,,0,1 0 0 0 0 0 0 0 0 0 0 0,,
25,17,0,0,0,,,,,,,0,1 0 0 0 0 0 0 0 0 0 0 0,,
25,19,0,0,0,,,,,,,0,1 0 0 0 0 0 0 0 0 0 0 0,,
25,21,0,0,0,,,,,,,0,1 0 0 0 0 0 0 0 0 0 0 0,,
25,23,0,0,0,,,,,,,0,1 0 0 0 0 0 0 0 0 0 0 0,,
25,25,0,0,0,,,,,,,0,1 0 0 0 0 0 0 0 0 0 0 0,,
25,27,0,0,0,,,,,,,0,1 0 0 0 0 0 0 0 0 0 0 0,,
25,29,0,0,0,,,,,,,0,1 0 0 0 0 0 0 0 0 0 0 0,,
25,31,0,0,0,,,,,,,0,1 0 0 0 0 0 0 0 0 0 0 0,,
25,33,0,0,0,,,,,,,0,1 0 0 0 0 0 0 0 0 0 0 0,,
25,35,0,0,0,,,,,,,0,1 0 0 0 0 0 0 0 0 0 0 0,,
25,37,0,0,0,,,,,,,0,1 0 0 0 0 0 0 0 0 0 0 0,,
25,39,0,0,0,,,,,,,0,1 0 0 0 0 0 0 0 0 0 0 0,,
25,41,0,0,0,,,,,,,0,1 0 0 0 0 0 0 0 0 0 0 0,,
25,43,0,0,0,,,,,,,0,1 0 0 0 0 0 0 0 0 0 0 0,,
26,1,0,3,\overline{Q}^{1}(\alpha_{6}),,,,,,,0,1 0 0 0 0 0 0 0 0 0 0 0,,
26,1,1,3,\overline{Q}^{1}(\alpha_{1}\beta_{1}^{2}),,,,,,,0,1 0 0 0 0 0 0 0 0 0 0 0,,
26,3,0,3,A_{5}(3)=\overline{Q}^{2}(\alpha_{5}),"[Toda3](4.2.1),\ P(A_{5}(3))=\alpha_{7}^{*}(3)",,,,,,0,1 0 0 0 0 0 0 0 0 0 0 0,,
26,3,1,3,Q^{2}(\beta_{1}^{2}),P(b^{2})\ne0,,,,,,0,1 0 0 0 0 0 0 0 0 0 0 0,,
26,5,0,3,A_{4}(5)=\overline{Q}^{3}(\alpha_{4}),"[Toda3](4.2.1),\ P(A_{4}(5))=\alpha_{7}^{*}(5)",,,,,,0,1 0 0 0 0 0 0 0 0 0 0 0,,
26,7,0,3,A_{3}(7)=\overline{Q}^{4}(\alpha_{3}),"[Toda3](4.2.1),\ P(A_{3}(7))=\alpha_{7}^{*}(7)",,,,,,0,1 0 0 0 0 0 0 0 0 0 0 0,,
26,9,0,3,A_{2}(9)=\overline{Q}^{5}(\alpha_{2}),"[Toda3](4.2.1),\ P(A_{2}(9))=\alpha_{7}^{*}(9)",,,,,,0,1 0 0 0 0 0 0 0 0 0 0 0,,
26,11,0,3,A_{1}(11)=\overline{Q}^{6}(\alpha_{1}),"[Toda3](4.2.1),\ P(A_{1}(11))=\alpha_{7}^{*}(11)",,,,,,0,1 0 0 0 0 0 0 0 0 0 0 0,,
26,13,0,3,A_{0}(13)=Q^{7}(\iota),"[Toda3](4.2.1),\ P(A_{0}(13))=\alpha_{7}^{*}(13)",,,,,,0,1 0 0 0 0 0 0 0 0 0 0 0,,
26,15,0,0,0,,,,,,,0,1 0 0 0 0 0 0 0 0 0 0 0,,
26,17,0,0,0,,,,,,,0,1 0 0 0 0 0 0 0 0 0 0 0,,
26,19,0,0,0,,,,,,,0,1 0 0 0 0 0 0 0 0 0 0 0,,
26,21,0,0,0,,,,,,,0,1 0 0 0 0 0 0 0 0 0 0 0,,
26,23,0,0,0,,,,,,,0,1 0 0 0 0 0 0 0 0 0 0 0,,
26,25,0,0,0,,,,,,,0,1 0 0 0 0 0 0 0 0 0 0 0,,
26,27,0,0,0,,,,,,,0,1 0 0 0 0 0 0 0 0 0 0 0,,
26,29,0,0,0,,,,,,,0,1 0 0 0 0 0 0 0 0 0 0 0,,
26,31,0,0,0,,,,,,,0,1 0 0 0 0 0 0 0 0 0 0 0,,
26,33,0,0,0,,,,,,,0,1 0 0 0 0 0 0 0 0 0 0 0,,
26,35,0,0,0,,,,,,,0,1 0 0 0 0 0 0 0 0 0 0 0,,
26,37,0,0,0,,,,,,,0,1 0 0 0 0 0 0 0 0 0 0 0,,
26,39,0,0,0,,,,,,,0,1 0 0 0 0 0 0 0 0 0 0 0,,
26,41,0,0,0,,,,,,,0,1 0 0 0 0 0 0 0 0 0 0 0,,
26,43,0,0,0,,,,,,,0,1 0 0 0 0 0 0 0 0 0 0 0,,
27,1,0,0,0,,,,,,,0,1 0 0 0 0 0 0 0 0 0 0 0,,
27,3,0,3,\overline{Q}^{2}(\beta_{1}^{2}),"[Toda3]p48, \ P(B^{2})\ne0",,,,,,0,1 0 0 0 0 0 0 0 0 0 0 0,,
27,5,0,0,0,,,,,,,0,1 0 0 0 0 0 0 0 0 0 0 0,,
27,7,0,3,Q^{4}(\alpha_{1}\beta_{1}),,,,,,,0,1 0 0 0 0 0 0 0 0 0 0 0,,
27,9,0,0,0,,,,,,,0,1 0 0 0 0 0 0 0 0 0 0 0,,
27,11,0,0,0,,,,,,,0,1 0 0 0 0 0 0 0 0 0 0 0,,
27,13,0,0,0,,,,,,,0,1 0 0 0 0 0 0 0 0 0 0 0,,
27,15,0,0,0,,,,,,,0,1 0 0 0 0 0 0 0 0 0 0 0,,
27,17,0,0,0,,,,,,,0,1 0 0 0 0 0 0 0 0 0 0 0,,
27,19,0,0,0,,,,,,,0,1 0 0 0 0 0 0 0 0 0 0 0,,
27,21,0,0,0,,,,,,,0,1 0 0 0 0 0 0 0 0 0 0 0,,
27,23,0,0,0,,,,,,,0,1 0 0 0 0 0 0 0 0 0 0 0,,
27,25,0,0,0,,,,,,,0,1 0 0 0 0 0 0 0 0 0 0 0,,
27,27,0,0,0,,,,,,,0,1 0 0 0 0 0 0 0 0 0 0 0,,
27,29,0,0,0,,,,,,,0,1 0 0 0 0 0 0 0 0 0 0 0,,
27,31,0,0,0,,,,,,,0,1 0 0 0 0 0 0 0 0 0 0 0,,
27,33,0,0,0,,,,,,,0,1 0 0 0 0 0 0 0 0 0 0 0,,
27,35,0,0,0,,,,,,,0,1 0 0 0 0 0 0 0 0 0 0 0,,
27,37,0,0,0,,,,,,,0,1 0 0 0 0 0 0 0 0 0 0 0,,
27,39,0,0,0,,,,,,,0,1 0 0 0 0 0 0 0 0 0 0 0,,
27,41,0,0,0,,,,,,,0,1 0 0 0 0 0 0 0 0 0 0 0,,
27,43,0,0,0,,,,,,,0,1 0 0 0 0 0 0 0 0 0 0 0,,
28,1,0,3,,,,,,,,0,1 0 0 0 0 0 0 0 0 0 0 0,,
28,3,0,3,w=IP(i)\ne0,,,,,,,0,1 0 0 0 0 0 0 0 0 0 0 0,,
28,5,0,0,0,,,,,,,0,1 0 0 0 0 0 0 0 0 0 0 0,,
28,7,0,3,\overline{Q}^{4}(\alpha_{1}\beta_{1}),,,,,,,0,1 0 0 0 0 0 0 0 0 0 0 0,,
28,9,0,3,Q^{5}(\beta_{1}),,,,,,,0,1 0 0 0 0 0 0 0 0 0 0 0,,
28,11,0,0,0,,,,,,,0,1 0 0 0 0 0 0 0 0 0 0 0,,
28,13,0,0,0,,,,,,,0,1 0 0 0 0 0 0 0 0 0 0 0,,
28,15,0,0,0,,,,,,,0,1 0 0 0 0 0 0 0 0 0 0 0,,
28,17,0,0,0,,,,,,,0,1 0 0 0 0 0 0 0 0 0 0 0,,
28,19,0,0,0,,,,,,,0,1 0 0 0 0 0 0 0 0 0 0 0,,
28,21,0,0,0,,,,,,,0,1 0 0 0 0 0 0 0 0 0 0 0,,
28,23,0,0,0,,,,,,,0,1 0 0 0 0 0 0 0 0 0 0 0,,
28,25,0,0,0,,,,,,,0,1 0 0 0 0 0 0 0 0 0 0 0,,
28,27,0,0,0,,,,,,,0,1 0 0 0 0 0 0 0 0 0 0 0,,
28,29,0,0,0,,,,,,,0,1 0 0 0 0 0 0 0 0 0 0 0,,
28,31,0,0,0,,,,,,,0,1 0 0 0 0 0 0 0 0 0 0 0,,
28,33,0,0,0,,,,,,,0,1 0 0 0 0 0 0 0 0 0 0 0,,
28,35,0,0,0,,,,,,,0,1 0 0 0 0 0 0 0 0 0 0 0,,
28,37,0,0,0,,,,,,,0,1 0 0 0 0 0 0 0 0 0 0 0,,
28,39,0,0,0,,,,,,,0,1 0 0 0 0 0 0 0 0 0 0 0,,
28,41,0,0,0,,,,,,,0,1 0 0 0 0 0 0 0 0 0 0 0,,
28,43,0,0,0,,,,,,,0,1 0 0 0 0 0 0 0 0 0 0 0,,
29,1,0,3,Q^{1}(\alpha_{7}),,,,,,,0,1 0 0 0 0 0 0 0 0 0 0 0,,
29,3,0,3,Q^{2}(\alpha_{6}),,,,,,,0,1 0 0 0 0 0 0 0 0 0 0 0,,
29,3,1,3,Q^{2}(\alpha_{1}\beta_{1}^{2}),,,,,,,0,1 0 0 0 0 0 0 0 0 0 0 0,,
29,5,0,3,Q^{3}(\alpha_{5}),,,,,,,0,1 0 0 0 0 0 0 0 0 0 0 0,,
29,7,0,3,Q^{4}(\alpha_{4}),,,,,,,0,1 0 0 0 0 0 0 0 0 0 0 0,,
29,9,0,3,Q^{5}(\alpha_{3}),,,,,,,0,1 0 0 0 0 0 0 0 0 0 0 0,,
29,9,1,3,\overline{Q}^{4}(\beta_{1}),"[Toda3]Th5.2(1),\ P(B)\ne0",,,,,,0,0 1 0 0 0 0 0 0 0 0 0 0,,
29,11,0,3,Q^{6}(\alpha_{2}),,,,,,,0,1 0 0 0 0 0 0 0 0 0 0 0,,
29,13,0,3,Q^{7}(\alpha_{1}),,,,,,,0,1 0 0 0 0 0 0 0 0 0 0 0,,
29,15,0,0,,,,,,,,0,1 0 0 0 0 0 0 0 0 0 0 0,,
29,17,0,0,,,,,,,,0,1 0 0 0 0 0 0 0 0 0 0 0,,
29,19,0,0,,,,,,,,0,1 0 0 0 0 0 0 0 0 0 0 0,,
29,21,0,0,,,,,,,,0,1 0 0 0 0 0 0 0 0 0 0 0,,
29,23,0,0,,,,,,,,0,1 0 0 0 0 0 0 0 0 0 0 0,,
29,25,0,0,,,,,,,,0,1 0 0 0 0 0 0 0 0 0 0 0,,
29,27,0,0,,,,,,,,0,1 0 0 0 0 0 0 0 0 0 0 0,,
29,29,0,0,,,,,,,,0,1 0 0 0 0 0 0 0 0 0 0 0,,
29,31,0,0,,,,,,,,0,1 0 0 0 0 0 0 0 0 0 0 0,,
29,33,0,0,,,,,,,,0,1 0 0 0 0 0 0 0 0 0 0 0,,
29,35,0,0,,,,,,,,0,1 0 0 0 0 0 0 0 0 0 0 0,,
29,37,0,0,,,,,,,,0,1 0 0 0 0 0 0 0 0 0 0 0,,
29,39,0,0,,,,,,,,0,1 0 0 0 0 0 0 0 0 0 0 0,,
29,41,0,0,,,,,,,,0,1 0 0 0 0 0 0 0 0 0 0 0,,
29,43,0,0,,,,,,,,0,1 0 0 0 0 0 0 0 0 0 0 0,,
30,1,0,3,\overline{Q}^{1}(\alpha_{7}),,,,,,,0,1 0 0 0 0 0 0 0 0 0 0 0,,
30,3,0,3,A_{6}(3),P(A_{6}(3))=\alpha_{8}^{*}(3),,,,,,0,1 0 0 0 0 0 0 0 0 0 0 0,,
30,3,1,3,AB^{2},,,,,,,0,1 0 0 0 0 0 0 0 0 0 0 0,,
30,5,0,3,A_{5}(5),P(A_{5}(5))=\alpha_{8}^{*}(5),,,,,,0,1 0 0 0 0 0 0 0 0 0 0 0,,
30,5,1,3,b_{1}(5)^{2},,,,,,,0,1 0 0 0 0 0 0 0 0 0 0 0,,
30,7,0,3,A_{4}(7),P(A_{4}(7))=\alpha_{8}^{*}(7),,,,,,0,1 0 0 0 0 0 0 0 0 0 0 0,,
30,9,0,3,A_{3}(9),P(A_{3}(9))=\alpha_{8}^{*}(9),,,,,,0,1 0 0 0 0 0 0 0 0 0 0 0,,
30,11,0,3,A_{2}(11),P(A_{2}(11))=\alpha_{8}^{*}(11),,,,,,0,1 0 0 0 0 0 0 0 0 0 0 0,,
30,13,0,3,A_{1}(13),P(A_{1}(13))=\alpha_{8}^{*}(13),,,,,,0,1 0 0 0 0 0 0 0 0 0 0 0,,
30,15,0,3,A_{0}(15),P(A_{0}(15))=\alpha_{8}^{*}(15),,,,,,0,1 0 0 0 0 0 0 0 0 0 0 0,,
30,17,0,0,,,,,,,,0,1 0 0 0 0 0 0 0 0 0 0 0,,
30,19,0,0,,,,,,,,0,1 0 0 0 0 0 0 0 0 0 0 0,,
30,21,0,0,,,,,,,,0,1 0 0 0 0 0 0 0 0 0 0 0,,
30,23,0,0,,,,,,,,0,1 0 0 0 0 0 0 0 0 0 0 0,,
30,25,0,0,,,,,,,,0,1 0 0 0 0 0 0 0 0 0 0 0,,
30,27,0,0,,,,,,,,0,1 0 0 0 0 0 0 0 0 0 0 0,,
30,29,0,0,,,,,,,,0,1 0 0 0 0 0 0 0 0 0 0 0,,
30,31,0,0,,,,,,,,0,1 0 0 0 0 0 0 0 0 0 0 0,,
30,33,0,0,,,,,,,,0,1 0 0 0 0 0 0 0 0 0 0 0,,
30,35,0,0,,,,,,,,0,1 0 0 0 0 0 0 0 0 0 0 0,,
30,37,0,0,,,,,,,,0,1 0 0 0 0 0 0 0 0 0 0 0,,
30,39,0,0,,,,,,,,0,1 0 0 0 0 0 0 0 0 0 0 0,,
30,41,0,0,,,,,,,,0,1 0 0 0 0 0 0 0 0 0 0 0,,
30,43,0,0,,,,,,,,0,1 0 0 0 0 0 0 0 0 0 0 0,,
31,1,0,3,ab_{2},,,,,,,0,1 0 0 0 0 0 0 0 0 0 0 0,,
31,3,0,0,0,,,,,,,0,1 0 0 0 0 0 0 0 0 0 0 0,,
31,5,0,3,B^{2},"[Toda3]Th5.2(2),\ P(B^{2})=\Delta\xi(ab,b^{2})",,,,,,0,1 0 0 0 0 0 0 0 0 0 0 0,,
31,7,0,0,0,,,,,,,0,1 0 0 0 0 0 0 0 0 0 0 0,,
31,9,0,3,Q^{5}(\alpha_{1}\beta_{1}),"[Toda3]Th5.2(2),\ P(ab)=E^{2}\xi(ab,b^{2})",,,,,,0,1 0 0 0 0 0 0 0 0 0 0 0,,
31,11,0,0,0,,,,,,,0,1 0 0 0 0 0 0 0 0 0 0 0,,
31,13,0,0,0,,,,,,,0,1 0 0 0 0 0 0 0 0 0 0 0,,
31,15,0,0,0,,,,,,,0,1 0 0 0 0 0 0 0 0 0 0 0,,
31,17,0,0,0,,,,,,,0,1 0 0 0 0 0 0 0 0 0 0 0,,
31,19,0,0,0,,,,,,,0,1 0 0 0 0 0 0 0 0 0 0 0,,
31,21,0,0,0,,,,,,,0,1 0 0 0 0 0 0 0 0 0 0 0,,
31,23,0,0,0,,,,,,,0,1 0 0 0 0 0 0 0 0 0 0 0,,
31,25,0,0,0,,,,,,,0,1 0 0 0 0 0 0 0 0 0 0 0,,
31,27,0,0,0,,,,,,,0,1 0 0 0 0 0 0 0 0 0 0 0,,
31,29,0,0,0,,,,,,,0,1 0 0 0 0 0 0 0 0 0 0 0,,
31,31,0,0,0,,,,,,,0,1 0 0 0 0 0 0 0 0 0 0 0,,
31,33,0,0,0,,,,,,,0,1 0 0 0 0 0 0 0 0 0 0 0,,
31,35,0,0,0,,,,,,,0,1 0 0 0 0 0 0 0 0 0 0 0,,
31,37,0,0,0,,,,,,,0,1 0 0 0 0 0 0 0 0 0 0 0,,
31,39,0,0,0,,,,,,,0,1 0 0 0 0 0 0 0 0 0 0 0,,
31,41,0,0,0,,,,,,,0,1 0 0 0 0 0 0 0 0 0 0 0,,
31,43,0,0,0,,,,,,,0,1 0 0 0 0 0 0 0 0 0 0 0,,
32,1,0,3,AB_{2},,,,,,,0,1 0 0 0 0 0 0 0 0 0 0 0,,
32,1,1,3,b^{3},,,,,,,0,1 0 0 0 0 0 0 0 0 0 0 0,,
32,3,0,3,b_{2},"[Toda3]Th5.2(1),\ P(b_{2})\ne0",,,,,,0,1 0 0 0 0 0 0 0 0 0 0 0,,
32,5,0,0,0,,,,,,,0,1 0 0 0 0 0 0 0 0 0 0 0,,
32,7,0,0,0,,,,,,,0,1 0 0 0 0 0 0 0 0 0 0 0,,
32,9,0,3,AB,,,,,,,0,1 0 0 0 0 0 0 0 0 0 0 0,,
32,11,0,3,b,,,,,,,0,1 0 0 0 0 0 0 0 0 0 0 0,,
32,13,0,0,,,,,,,,0,1 0 0 0 0 0 0 0 0 0 0 0,,
32,15,0,0,,,,,,,,0,1 0 0 0 0 0 0 0 0 0 0 0,,
32,17,0,0,,,,,,,,0,1 0 0 0 0 0 0 0 0 0 0 0,,
32,19,0,0,,,,,,,,0,1 0 0 0 0 0 0 0 0 0 0 0,,
32,21,0,0,,,,,,,,0,1 0 0 0 0 0 0 0 0 0 0 0,,
32,23,0,0,,,,,,,,0,1 0 0 0 0 0 0 0 0 0 0 0,,
32,25,0,0,,,,,,,,0,1 0 0 0 0 0 0 0 0 0 0 0,,
32,27,0,0,,,,,,,,0,1 0 0 0 0 0 0 0 0 0 0 0,,
32,29,0,0,,,,,,,,0,1 0 0 0 0 0 0 0 0 0 0 0,,
32,31,0,0,,,,,,,,0,1 0 0 0 0 0 0 0 0 0 0 0,,
32,33,0,0,,,,,,,,0,1 0 0 0 0 0 0 0 0 0 0 0,,
32,35,0,0,,,,,,,,0,1 0 0 0 0 0 0 0 0 0 0 0,,
32,37,0,0,,,,,,,,0,1 0 0 0 0 0 0 0 0 0 0 0,,
32,39,0,0,,,,,,,,0,1 0 0 0 0 0 0 0 0 0 0 0,,
32,41,0,0,,,,,,,,0,1 0 0 0 0 0 0 0 0 0 0 0,,
32,43,0,0,,,,,,,,0,1 0 0 0 0 0 0 0 0 0 0 0,,
33,1,0,3,a_{8},PH=0,,,,,,0,1 0 0 0 0 0 0 0 0 0 0 0,,
33,1,1,3,B^{3},PH=0,,,,,,0,1 0 0 0 0 0 0 0 0 0 0 0,,
33,3,0,3,B_{2},"[Toda3]Th5.2(1),\ P(B_{2})\ne0",,,,,,0,1 0 0 0 0 0 0 0 0 0 0 0,,
33,3,1,3,a_{7},PH=0,,,,,,0,1 0 0 0 0 0 0 0 0 0 0 0,,
33,5,0,3,a_{6},PH=0,,,,,,0,1 0 0 0 0 0 0 0 0 0 0 0,,
33,5,1,3,ab^{2},PH=0,,,,,,0,1 0 0 0 0 0 0 0 0 0 0 0,,
33,7,0,3,a_{5},PH=0,,,,,,0,1 0 0 0 0 0 0 0 0 0 0 0,,
33,9,0,3,a_{4},PH=0,,,,,,0,1 0 0 0 0 0 0 0 0 0 0 0,,
33,11,0,3,a_{3},PH=0,,,,,,0,1 0 0 0 0 0 0 0 0 0 0 0,,
33,11,1,3,B,P(B)\ne0,,,,,,0,1 0 0 0 0 0 0 0 0 0 0 0,,
33,13,0,3,a_{2},"[Toda3]Th5.2,\ P(a_{2})=3v",,,,,,0,1 0 0 0 0 0 0 0 0 0 0 0,,
33,15,0,3,a,"[Toda3]Th5.2(3),\ P(a)\ne0",,,,,,0,1 0 0 0 0 0 0 0 0 0 0 0,,
33,17,0,0,0,,,,,,,0,1 0 0 0 0 0 0 0 0 0 0 0,,
33,19,0,0,0,,,,,,,0,1 0 0 0 0 0 0 0 0 0 0 0,,
33,21,0,0,0,,,,,,,0,1 0 0 0 0 0 0 0 0 0 0 0,,
33,23,0,0,0,,,,,,,0,1 0 0 0 0 0 0 0 0 0 0 0,,
33,25,0,0,0,,,,,,,0,1 0 0 0 0 0 0 0 0 0 0 0,,
33,27,0,0,0,,,,,,,0,1 0 0 0 0 0 0 0 0 0 0 0,,
33,29,0,0,0,,,,,,,0,1 0 0 0 0 0 0 0 0 0 0 0,,
33,31,0,0,0,,,,,,,0,1 0 0 0 0 0 0 0 0 0 0 0,,
33,33,0,0,0,,,,,,,0,1 0 0 0 0 0 0 0 0 0 0 0,,
33,35,0,0,0,,,,,,,0,1 0 0 0 0 0 0 0 0 0 0 0,,
33,37,0,0,0,,,,,,,0,1 0 0 0 0 0 0 0 0 0 0 0,,
33,39,0,0,0,,,,,,,0,1 0 0 0 0 0 0 0 0 0 0 0,,
33,41,0,0,0,,,,,,,0,1 0 0 0 0 0 0 0 0 0 0 0,,
33,43,0,0,0,,,,,,,0,1 0 0 0 0 0 0 0 0 0 0 0,,
34,1,0,3,A_{8},,,,,,,0,1 0 0 0 0 0 0 0 0 0 0 0,,
34,3,0,3,A_{7},PH=0,,,,,,0,1 0 0 0 0 0 0 0 0 0 0 0,,
34,5,0,3,A_{6},,,,,,,0,1 0 0 0 0 0 0 0 0 0 0 0,,
34,5,1,3,AB^{2},"[Toda3]Prop5.3,\ P(AB^{2})=E^{2}\xi(B^{3},AB^{2})",,,,,,0,0 1 0 0 0 0 0 0 0 0 0 0,,
34,7,0,3,b^{2},"[Toda3]Th5.2(2),\ P(b^{2})\ne0",,,,,,0,1 0 0 0 0 0 0 0 0 0 0 0,,
34,7,1,3,A_{5},"[Toda3](4.2.1),\ P(A_{5})=\alpha_{9}^{*}(7)",,,,,,0,1 0 0 0 0 0 0 0 0 0 0 0,,
34,9,0,3,A_{4},"[Toda3](4.2.1),\ P(A_{4})=\alpha_{9}^{*}(9)",,,,,,0,1 0 0 0 0 0 0 0 0 0 0 0,,
34,11,0,3,A_{3},"[Toda3](4.2.1),\ P(A_{3})=\alpha_{9}^{*}(11)",,,,,,0,1 0 0 0 0 0 0 0 0 0 0 0,,
34,13,0,3,A_{2},"[Toda3](4.2.1),\ P(A_{2})=\alpha_{9}^{*}(13)",,,,,,0,1 0 0 0 0 0 0 0 0 0 0 0,,
34,15,0,3,A_{1},"[Toda3](4.2.1),\ P(A_{1})=\alpha_{9}^{*}(15)",,,,,,0,1 0 0 0 0 0 0 0 0 0 0 0,,
34,17,0,3,A_{0},"[Toda3](4.2.1),\ P(A_{0})=\alpha_{9}^{*}(17)",,,,,,0,1 0 0 0 0 0 0 0 0 0 0 0,,
34,19,0,0,,,,,,,,0,1 0 0 0 0 0 0 0 0 0 0 0,,
34,21,0,0,,,,,,,,0,1 0 0 0 0 0 0 0 0 0 0 0,,
34,23,0,0,,,,,,,,0,1 0 0 0 0 0 0 0 0 0 0 0,,
34,25,0,0,,,,,,,,0,1 0 0 0 0 0 0 0 0 0 0 0,,
34,27,0,0,,,,,,,,0,1 0 0 0 0 0 0 0 0 0 0 0,,
34,29,0,0,,,,,,,,0,1 0 0 0 0 0 0 0 0 0 0 0,,
34,31,0,0,,,,,,,,0,1 0 0 0 0 0 0 0 0 0 0 0,,
34,33,0,0,,,,,,,,0,1 0 0 0 0 0 0 0 0 0 0 0,,
34,35,0,0,,,,,,,,0,1 0 0 0 0 0 0 0 0 0 0 0,,
34,37,0,0,,,,,,,,0,1 0 0 0 0 0 0 0 0 0 0 0,,
34,39,0,0,,,,,,,,0,1 0 0 0 0 0 0 0 0 0 0 0,,
34,41,0,0,,,,,,,,0,1 0 0 0 0 0 0 0 0 0 0 0,,
34,43,0,0,,,,,,,,0,1 0 0 0 0 0 0 0 0 0 0 0,,
35,1,0,3,ab^{3},,,,,,,0,1 0 0 0 0 0 0 0 0 0 0 0,,
35,3,0,3,ab_{2},PH=0,,,,,,0,1 0 0 0 0 0 0 0 0 0 0 0,,
35,5,0,0,0,,,,,,,0,1 0 0 0 0 0 0 0 0 0 0 0,,
35,7,0,3,B^{2},,,,,,,0,1 0 0 0 0 0 0 0 0 0 0 0,,
35,9,0,0,0,,,,,,,0,1 0 0 0 0 0 0 0 0 0 0 0,,
35,11,0,3,ab,PH=0,,,,,,0,1 0 0 0 0 0 0 0 0 0 0 0,,
35,13,0,0,,,,,,,,0,1 0 0 0 0 0 0 0 0 0 0 0,,
35,15,0,0,,,,,,,,0,1 0 0 0 0 0 0 0 0 0 0 0,,
35,17,0,0,,,,,,,,0,1 0 0 0 0 0 0 0 0 0 0 0,,
35,19,0,0,,,,,,,,0,1 0 0 0 0 0 0 0 0 0 0 0,,
35,21,0,0,,,,,,,,0,1 0 0 0 0 0 0 0 0 0 0 0,,
35,23,0,0,,,,,,,,0,1 0 0 0 0 0 0 0 0 0 0 0,,
35,25,0,0,,,,,,,,0,1 0 0 0 0 0 0 0 0 0 0 0,,
35,27,0,0,,,,,,,,0,1 0 0 0 0 0 0 0 0 0 0 0,,
35,29,0,0,,,,,,,,0,1 0 0 0 0 0 0 0 0 0 0 0,,
35,31,0,0,,,,,,,,0,1 0 0 0 0 0 0 0 0 0 0 0,,
35,33,0,0,,,,,,,,0,1 0 0 0 0 0 0 0 0 0 0 0,,
35,35,0,0,,,,,,,,0,1 0 0 0 0 0 0 0 0 0 0 0,,
35,37,0,0,,,,,,,,0,1 0 0 0 0 0 0 0 0 0 0 0,,
35,39,0,0,,,,,,,,0,1 0 0 0 0 0 0 0 0 0 0 0,,
35,41,0,0,,,,,,,,0,1 0 0 0 0 0 0 0 0 0 0 0,,
35,43,0,0,,,,,,,,0,1 0 0 0 0 0 0 0 0 0 0 0,,
36,1,0,3,AB^{3},PH=0,,,,,,0,1 0 0 0 0 0 0 0 0 0 0 0,,
36,3,0,3,AB_{2},PH=0,,,,,,0,1 0 0 0 0 0 0 0 0 0 0 0,,
36,3,1,3,b^{3},"[Toda3]Th5.3(1), \ P(b^{3})\ne0",,,,,,0,0 1 0 0 0 0 0 0 0 0 0 0,,
36,5,0,3,b_{2},PH=0,,,,,,0,1 0 0 0 0 0 0 0 0 0 0 0,,
36,7,0,0,0,,,,,,,0,1 0 0 0 0 0 0 0 0 0 0 0,,
36,9,0,0,0,,,,,,,0,1 0 0 0 0 0 0 0 0 0 0 0,,
36,11,0,3,AB,"[Toda3]Th5.3(2), \ P(AB)=E^{2}\xi(AB,B^{2})",,,,,,0,1 0 0 0 0 0 0 0 0 0 0 0,,
36,13,0,3,b,"[Toda3]Th5.3(2), \ P(b)\ne0",,,,,,0,1 0 0 0 0 0 0 0 0 0 0 0,,
36,15,0,0,0,,,,,,,0,1 0 0 0 0 0 0 0 0 0 0 0,,
36,17,0,0,0,,,,,,,0,1 0 0 0 0 0 0 0 0 0 0 0,,
36,19,0,0,0,,,,,,,0,1 0 0 0 0 0 0 0 0 0 0 0,,
36,21,0,0,0,,,,,,,0,1 0 0 0 0 0 0 0 0 0 0 0,,
36,23,0,0,0,,,,,,,0,1 0 0 0 0 0 0 0 0 0 0 0,,
36,25,0,0,0,,,,,,,0,1 0 0 0 0 0 0 0 0 0 0 0,,
36,27,0,0,0,,,,,,,0,1 0 0 0 0 0 0 0 0 0 0 0,,
36,29,0,0,0,,,,,,,0,1 0 0 0 0 0 0 0 0 0 0 0,,
36,31,0,0,0,,,,,,,0,1 0 0 0 0 0 0 0 0 0 0 0,,
36,33,0,0,0,,,,,,,0,1 0 0 0 0 0 0 0 0 0 0 0,,
36,35,0,0,0,,,,,,,0,1 0 0 0 0 0 0 0 0 0 0 0,,
36,37,0,0,0,,,,,,,0,1 0 0 0 0 0 0 0 0 0 0 0,,
36,39,0,0,0,,,,,,,0,1 0 0 0 0 0 0 0 0 0 0 0,,
36,41,0,0,0,,,,,,,0,1 0 0 0 0 0 0 0 0 0 0 0,,
36,43,0,0,0,,,,,,,0,1 0 0 0 0 0 0 0 0 0 0 0,,
37,1,0,3,a_{9},PH=0,,,,,,0,1 0 0 0 0 0 0 0 0 0 0 0,,
37,3,0,3,B^{3},"[Toda3]Th5.3(1), \ P(B^{3})\ne0",,,,,,0,1 0 0 0 0 0 0 0 0 0 0 0,,
37,3,1,3,a_{8},PH=0,,,,,,0,0 1 0 0 0 0 0 0 0 0 0 0,,
37,5,0,3,B_{2},"[Toda3]Th5.3(3), \ P(B_{2})=\Delta\epsilon'(7)\ne0",,,,,,0,1 0 0 0 0 0 0 0 0 0 0 0,,
37,5,1,3,a_{7},PH=0,,,,,,0,0 1 0 0 0 0 0 0 0 0 0 0,,
37,7,0,3,a_{6},PH=0,,,,,,0,1 0 0 0 0 0 0 0 0 0 0 0,,
37,7,1,3,ab^{2},PH=0,,,,,,0,0 1 0 0 0 0 0 0 0 0 0 0,,
37,9,0,3,a_{5},PH=0,,,,,,0,1 0 0 0 0 0 0 0 0 0 0 0,,
37,11,0,3,a_{4},PH=0,,,,,,0,1 0 0 0 0 0 0 0 0 0 0 0,,
37,13,0,3,a_{3},PH=0,,,,,,0,1 0 0 0 0 0 0 0 0 0 0 0,,
37,13,1,3,B,PH=0,,,,,,0,1 0 0 0 0 0 0 0 0 0 0 0,,
37,15,0,3,a_{2},PH=0,,,,,,0,1 0 0 0 0 0 0 0 0 0 0 0,,
37,17,0,3,a_{1},PH=0,,,,,,0,1 0 0 0 0 0 0 0 0 0 0 0,,
37,19,0,0,,,,,,,,0,1 0 0 0 0 0 0 0 0 0 0 0,,
37,21,0,0,,,,,,,,0,1 0 0 0 0 0 0 0 0 0 0 0,,
37,23,0,0,,,,,,,,0,1 0 0 0 0 0 0 0 0 0 0 0,,
37,25,0,0,,,,,,,,0,1 0 0 0 0 0 0 0 0 0 0 0,,
37,27,0,0,,,,,,,,0,1 0 0 0 0 0 0 0 0 0 0 0,,
37,29,0,0,,,,,,,,0,1 0 0 0 0 0 0 0 0 0 0 0,,
37,31,0,0,,,,,,,,0,1 0 0 0 0 0 0 0 0 0 0 0,,
37,33,0,0,,,,,,,,0,1 0 0 0 0 0 0 0 0 0 0 0,,
37,35,0,0,,,,,,,,0,1 0 0 0 0 0 0 0 0 0 0 0,,
37,37,0,0,,,,,,,,0,1 0 0 0 0 0 0 0 0 0 0 0,,
37,39,0,0,,,,,,,,0,1 0 0 0 0 0 0 0 0 0 0 0,,
37,41,0,0,,,,,,,,0,1 0 0 0 0 0 0 0 0 0 0 0,,
37,43,0,0,,,,,,,,0,1 0 0 0 0 0 0 0 0 0 0 0,,
38,1,0,3,A_{9},PH=0,,,,,,0,1 0 0 0 0 0 0 0 0 0 0 0,,
38,1,0,3,bb_{2},PH=0,,,,,,0,1 0 0 0 0 0 0 0 0 0 0 0,,
38,3,0,3,A_{8},"[Toda3](4.2.1),\ P(A_{8})=\alpha_{10}^{*}(3)",,,,,,0,1 0 0 0 0 0 0 0 0 0 0 0,,
38,5,0,3,A_{7},"[Toda3](4.2.1),\ P(A_{7})=\alpha_{10}^{*}(5)",,,,,,0,1 0 0 0 0 0 0 0 0 0 0 0,,
38,7,0,3,A_{6},"[Toda3](4.2.1),\ P(A_{6})=\alpha_{10}^{*}(7)",,,,,,0,1 0 0 0 0 0 0 0 0 0 0 0,,
38,7,1,3,AB^{2},PH=0,,,,,,0,1 0 0 0 0 0 0 0 0 0 0 0,,
38,9,0,3,A_{5},"[Toda3](4.2.1),\ P(A_{5})=\alpha_{10}^{*}(9)",,,,,,0,1 0 0 0 0 0 0 0 0 0 0 0,,
38,9,1,3,b^{2},"[Toda3]Th5.3(1), \ P(b^{2})\ne0",,,,,,0,1 0 0 0 0 0 0 0 0 0 0 0,,
38,11,0,3,A_{4},"[Toda3](4.2.1),\ P(A_{4})=\alpha_{10}^{*}(11)",,,,,,0,1 0 0 0 0 0 0 0 0 0 0 0,,
38,13,0,3,A_{3},"[Toda3](4.2.1),\ P(A_{3})=\alpha_{10}^{*}(13)",,,,,,0,1 0 0 0 0 0 0 0 0 0 0 0,,
38,15,0,3,A_{2},"[Toda3](4.2.1),\ P(A_{2})=\alpha_{10}^{*}(15)",,,,,,0,1 0 0 0 0 0 0 0 0 0 0 0,,
38,17,0,3,A_{1},"[Toda3](4.2.1),\ P(A_{1})=\alpha_{10}^{*}(17)",,,,,,0,1 0 0 0 0 0 0 0 0 0 0 0,,
38,19,0,3,A_{0},"[Toda3](4.2.1),\ P(A_{0})=\alpha_{10}^{*}(19)",,,,,,0,1 0 0 0 0 0 0 0 0 0 0 0,,
38,21,0,0,,,,,,,,0,1 0 0 0 0 0 0 0 0 0 0 0,,
38,23,0,0,,,,,,,,0,1 0 0 0 0 0 0 0 0 0 0 0,,
38,25,0,0,,,,,,,,0,1 0 0 0 0 0 0 0 0 0 0 0,,
38,27,0,0,,,,,,,,0,1 0 0 0 0 0 0 0 0 0 0 0,,
38,29,0,0,,,,,,,,0,1 0 0 0 0 0 0 0 0 0 0 0,,
38,31,0,0,,,,,,,,0,1 0 0 0 0 0 0 0 0 0 0 0,,
38,33,0,0,,,,,,,,0,1 0 0 0 0 0 0 0 0 0 0 0,,
38,35,0,0,,,,,,,,0,1 0 0 0 0 0 0 0 0 0 0 0,,
38,37,0,0,,,,,,,,0,1 0 0 0 0 0 0 0 0 0 0 0,,
38,39,0,0,,,,,,,,0,1 0 0 0 0 0 0 0 0 0 0 0,,
38,41,0,0,,,,,,,,0,1 0 0 0 0 0 0 0 0 0 0 0,,
38,43,0,0,,,,,,,,0,1 0 0 0 0 0 0 0 0 0 0 0,,
39,1,0,3,BB_{2},PH=0,,,,,,0,1 0 0 0 0 0 0 0 0 0 0 0,,
39,3,0,3,ab^{3},PH=0,,,,,,0,1 0 0 0 0 0 0 0 0 0 0 0,,
39,5,0,3,ab_{2},PH=0,,,,,,0,1 0 0 0 0 0 0 0 0 0 0 0,,
39,7,0,0,,,,,,,,0,1 0 0 0 0 0 0 0 0 0 0 0,,
39,9,0,3,B^{2},"[Toda3]Th5.3(1), \ P(B^{2})\ne0",,,,,,0,1 0 0 0 0 0 0 0 0 0 0 0,,
39,11,0,0,0,,,,,,,0,1 0 0 0 0 0 0 0 0 0 0 0,,
39,13,0,3,ab,PH=0,,,,,,0,1 0 0 0 0 0 0 0 0 0 0 0,,
39,15,0,0,,,,,,,,0,1 0 0 0 0 0 0 0 0 0 0 0,,
39,17,0,0,,,,,,,,0,1 0 0 0 0 0 0 0 0 0 0 0,,
39,19,0,0,,,,,,,,0,1 0 0 0 0 0 0 0 0 0 0 0,,
39,21,0,0,,,,,,,,0,1 0 0 0 0 0 0 0 0 0 0 0,,
39,23,0,0,,,,,,,,0,1 0 0 0 0 0 0 0 0 0 0 0,,
39,25,0,0,,,,,,,,0,1 0 0 0 0 0 0 0 0 0 0 0,,
39,27,0,0,,,,,,,,0,1 0 0 0 0 0 0 0 0 0 0 0,,
39,29,0,0,,,,,,,,0,1 0 0 0 0 0 0 0 0 0 0 0,,
39,31,0,0,,,,,,,,0,1 0 0 0 0 0 0 0 0 0 0 0,,
39,33,0,0,,,,,,,,0,1 0 0 0 0 0 0 0 0 0 0 0,,
39,35,0,0,,,,,,,,0,1 0 0 0 0 0 0 0 0 0 0 0,,
39,37,0,0,,,,,,,,0,1 0 0 0 0 0 0 0 0 0 0 0,,
39,39,0,0,,,,,,,,0,1 0 0 0 0 0 0 0 0 0 0 0,,
39,41,0,0,,,,,,,,0,1 0 0 0 0 0 0 0 0 0 0 0,,
39,43,0,0,,,,,,,,0,1 0 0 0 0 0 0 0 0 0 0 0,,
,,,,,,,,,,,,,,
40,1,0,0,,,,,,,,0,1 0 0 0 0 0 0 0 0 0 0 0,,
40,3,0,3,AB^{3},PH=0,,,,,,0,1 0 0 0 0 0 0 0 0 0 0 0,,
40,5,0,3,AB_{2},"[Toda3]Th5.3(2), \ P(AB_{2})=\Delta P(b_{2})",,,,,,0,1 0 0 0 0 0 0 0 0 0 0 0,,
40,5,1,3,b^{3},PH=0,,,,,,0,1 0 0 0 0 0 0 0 0 0 0 0,,
40,7,0,3,b_{2},"[Toda3]Th5.3(2), \ P(b_{2})\ne0",,,,,,0,1 0 0 0 0 0 0 0 0 0 0 0,,
40,9,0,0,,,,,,,,0,1 0 0 0 0 0 0 0 0 0 0 0,,
40,11,0,0,,,,,,,,0,1 0 0 0 0 0 0 0 0 0 0 0,,
40,13,0,3,AB,PH=0,,,,,,0,1 0 0 0 0 0 0 0 0 0 0 0,,
40,15,0,3,b,"[Toda3]Th5.3(1), \ P(b)\ne0",,,,,,0,1 0 0 0 0 0 0 0 0 0 0 0,,
40,17,0,0,,,,,,,,0,1 0 0 0 0 0 0 0 0 0 0 0,,
40,19,0,0,,,,,,,,0,1 0 0 0 0 0 0 0 0 0 0 0,,
40,21,0,0,,,,,,,,0,1 0 0 0 0 0 0 0 0 0 0 0,,
40,23,0,0,,,,,,,,0,1 0 0 0 0 0 0 0 0 0 0 0,,
40,25,0,0,,,,,,,,0,1 0 0 0 0 0 0 0 0 0 0 0,,
40,27,0,0,,,,,,,,0,1 0 0 0 0 0 0 0 0 0 0 0,,
40,29,0,0,,,,,,,,0,1 0 0 0 0 0 0 0 0 0 0 0,,
40,31,0,0,,,,,,,,0,1 0 0 0 0 0 0 0 0 0 0 0,,
40,33,0,0,,,,,,,,0,1 0 0 0 0 0 0 0 0 0 0 0,,
40,35,0,0,,,,,,,,0,1 0 0 0 0 0 0 0 0 0 0 0,,
40,37,0,0,,,,,,,,0,1 0 0 0 0 0 0 0 0 0 0 0,,
40,39,0,0,,,,,,,,0,1 0 0 0 0 0 0 0 0 0 0 0,,
40,41,0,0,,,,,,,,0,1 0 0 0 0 0 0 0 0 0 0 0,,
40,43,0,0,,,,,,,,0,1 0 0 0 0 0 0 0 0 0 0 0,,
,,,,,,,,,,,,,,
41,1,0,3,a_{10},PH=0,,,,,,0,1 0 0 0 0 0 0 0 0 0 0 0,,
41,1,1,3,abb_{2},PH=0,,,,,,0,1 0 0 0 0 0 0 0 0 0 0 0,,
41,3,0,3,a_{9},PH=0,,,,,,0,1 0 0 0 0 0 0 0 0 0 0 0,,
41,5,0,3,B^{3},"[Toda3]Th5.3(2), \ P(B^{3})=\Delta P(B_{2})",,,,,,0,1 0 0 0 0 0 0 0 0 0 0 0,,
41,5,1,3,a_{8},PH=0,,,,,,0,1 0 0 0 0 0 0 0 0 0 0 0,,
41,7,0,3,B_{2},"[Toda3]Th5.3(2), \ P(B_{2})\ne0",,,,,,0,1 0 0 0 0 0 0 0 0 0 0 0,,
41,7,1,3,a_{7},PH=0,,,,,,0,1 0 0 0 0 0 0 0 0 0 0 0,,
41,9,0,3,a_{6},PH=0,,,,,,0,1 0 0 0 0 0 0 0 0 0 0 0,,
41,9,1,3,ab^{2},PH=0,,,,,,0,1 0 0 0 0 0 0 0 0 0 0 0,,
41,11,0,3,a_{5},PH=0,,,,,,0,1 0 0 0 0 0 0 0 0 0 0 0,,
41,13,0,3,a_{4},PH=0,,,,,,0,1 0 0 0 0 0 0 0 0 0 0 0,,
41,15,0,3,B,"[Toda3]Th5.3(1), \ P(B)\ne0",,,,,,0,1 0 0 0 0 0 0 0 0 0 0 0,,
41,15,1,3,a_{3},PH=0,,,,,,0,1 0 0 0 0 0 0 0 0 0 0 0,,
41,17,0,3,a_{2},PH=0,,,,,,0,1 0 0 0 0 0 0 0 0 0 0 0,,
41,19,0,3,a_{1},PH=0,,,,,,0,1 0 0 0 0 0 0 0 0 0 0 0,,
41,21,0,0,,,,,,,,0,1 0 0 0 0 0 0 0 0 0 0 0,,
41,23,0,0,,,,,,,,0,1 0 0 0 0 0 0 0 0 0 0 0,,
41,25,0,0,,,,,,,,0,1 0 0 0 0 0 0 0 0 0 0 0,,
41,27,0,0,,,,,,,,0,1 0 0 0 0 0 0 0 0 0 0 0,,
41,29,0,0,,,,,,,,0,1 0 0 0 0 0 0 0 0 0 0 0,,
41,31,0,0,,,,,,,,0,1 0 0 0 0 0 0 0 0 0 0 0,,
41,33,0,0,,,,,,,,0,1 0 0 0 0 0 0 0 0 0 0 0,,
41,35,0,0,,,,,,,,0,1 0 0 0 0 0 0 0 0 0 0 0,,
41,37,0,0,,,,,,,,0,1 0 0 0 0 0 0 0 0 0 0 0,,
41,39,0,0,,,,,,,,0,1 0 0 0 0 0 0 0 0 0 0 0,,
41,41,0,0,,,,,,,,0,1 0 0 0 0 0 0 0 0 0 0 0,,
41,43,0,0,,,,,,,,0,1 0 0 0 0 0 0 0 0 0 0 0,,
,,,,,,,,,,,,,,
42,1,0,3,A_{10},PH=0,,,,,,0,1 0 0 0 0 0 0 0 0 0 0 0,,
42,1,1,3,ABB_{2},PH=0,,,,,,0,1 0 0 0 0 0 0 0 0 0 0 0,,
42,1,2,3,b^{4},PH=0,,,,,,0,1 0 0 0 0 0 0 0 0 0 0 0,,
42,3,0,3,A_{9},"[Toda3](4.2.1),\ P(A_{9})=\alpha_{11}^{*}(3)",,,,,,0,1 0 0 0 0 0 0 0 0 0 0 0,,
42,3,1,3,bb_{2},"[Toda3]Th5.3(1), \ P(bb_{2})\ne0",,,,,,0,1 0 0 0 0 0 0 0 0 0 0 0,,
42,5,0,3,A_{8},"[Toda3](4.2.1),\ P(A_{8})=\alpha_{11}^{*}(5)",,,,,,0,1 0 0 0 0 0 0 0 0 0 0 0,,
42,7,0,3,A_{7},"[Toda3](4.2.1),\ P(A_{7})=\alpha_{11}^{*}(7)",,,,,,0,1 0 0 0 0 0 0 0 0 0 0 0,,
42,9,0,3,A_{6},"[Toda3](4.2.1),\ P(A_{6})=\alpha_{11}^{*}(9)",,,,,,0,1 0 0 0 0 0 0 0 0 0 0 0,,
42,9,1,3,AB^{2},PH=0,,,,,,0,1 0 0 0 0 0 0 0 0 0 0 0,,
42,11,0,3,A_{5},"[Toda3](4.2.1),\ P(A_{5})=\alpha_{11}^{*}(11)",,,,,,0,1 0 0 0 0 0 0 0 0 0 0 0,,
42,11,1,3,b^{2},PH=0,,,,,,0,1 0 0 0 0 0 0 0 0 0 0 0,,
42,13,0,3,A_{4},"[Toda3](4.2.1),\ P(A_{4})=\alpha_{11}^{*}(13)",,,,,,0,1 0 0 0 0 0 0 0 0 0 0 0,,
42,15,0,3,A_{3},"[Toda3](4.2.1),\ P(A_{3})=\alpha_{11}^{*}(15)",,,,,,0,1 0 0 0 0 0 0 0 0 0 0 0,,
42,17,0,3,A_{2},"[Toda3](4.2.1),\ P(A_{2})=\alpha_{11}^{*}(17)",,,,,,0,1 0 0 0 0 0 0 0 0 0 0 0,,
42,19,0,3,A_{1},"[Toda3](4.2.1),\ P(A_{1})=\alpha_{11}^{*}(19)",,,,,,0,1 0 0 0 0 0 0 0 0 0 0 0,,
42,21,0,3,A_{0},"[Toda3](4.2.1),\ P(A_{0})=\alpha_{11}^{*}(21)",,,,,,0,1 0 0 0 0 0 0 0 0 0 0 0,,
42,23,0,0,,,,,,,,0,1 0 0 0 0 0 0 0 0 0 0 0,,
42,25,0,0,,,,,,,,0,1 0 0 0 0 0 0 0 0 0 0 0,,
42,27,0,0,,,,,,,,0,1 0 0 0 0 0 0 0 0 0 0 0,,
42,29,0,0,,,,,,,,0,1 0 0 0 0 0 0 0 0 0 0 0,,
42,31,0,0,,,,,,,,0,1 0 0 0 0 0 0 0 0 0 0 0,,
42,33,0,0,,,,,,,,0,1 0 0 0 0 0 0 0 0 0 0 0,,
42,35,0,0,,,,,,,,0,1 0 0 0 0 0 0 0 0 0 0 0,,
42,37,0,0,,,,,,,,0,1 0 0 0 0 0 0 0 0 0 0 0,,
42,39,0,0,,,,,,,,0,1 0 0 0 0 0 0 0 0 0 0 0,,
42,41,0,0,,,,,,,,0,1 0 0 0 0 0 0 0 0 0 0 0,,
42,43,0,0,,,,,,,,0,1 0 0 0 0 0 0 0 0 0 0 0,,
,,,,,,,,,,,,,,
43,1,0,3,B^{4},PH=0,,,,,,0,1 0 0 0 0 0 0 0 0 0 0 0,,
43,3,0,3,BB_{2},"[Toda3]Th5.3(1), \ P(BB_{2})\ne0",,,,,,0,1 0 0 0 0 0 0 0 0 0 0 0,,
43,3,1,3,e',"[Toda3]Th5.3(1), \ P(e')\ne0",,,,,,0,1 0 0 0 0 0 0 0 0 0 0 0,,
43,5,0,0,,,,,,,,0,1 0 0 0 0 0 0 0 0 0 0 0,,
43,7,0,3,ab_{2},PH=0,,,,,,0,1 0 0 0 0 0 0 0 0 0 0 0,,
43,9,0,0,,,,,,,,0,1 0 0 0 0 0 0 0 0 0 0 0,,
43,11,0,3,B^{2},"[Toda3]Th5.3(2), \ P(B^{2})=\Delta\xi(ab,b^{2})",,,,,,0,1 0 0 0 0 0 0 0 0 0 0 0,,
43,13,0,0,,,,,,,,0,1 0 0 0 0 0 0 0 0 0 0 0,,
43,15,0,3,ab,"[Toda3]Th5.3(2), \ P(ab)=E^{2}\xi(ab,b^{2})",,,,,,0,1 0 0 0 0 0 0 0 0 0 0 0,,
43,17,0,0,,,,,,,,0,1 0 0 0 0 0 0 0 0 0 0 0,,
43,19,0,0,,,,,,,,0,1 0 0 0 0 0 0 0 0 0 0 0,,
43,21,0,0,,,,,,,,0,1 0 0 0 0 0 0 0 0 0 0 0,,
43,23,0,0,,,,,,,,0,1 0 0 0 0 0 0 0 0 0 0 0,,
43,25,0,0,,,,,,,,0,1 0 0 0 0 0 0 0 0 0 0 0,,
43,27,0,0,,,,,,,,0,1 0 0 0 0 0 0 0 0 0 0 0,,
43,29,0,0,,,,,,,,0,1 0 0 0 0 0 0 0 0 0 0 0,,
43,31,0,0,,,,,,,,0,1 0 0 0 0 0 0 0 0 0 0 0,,
43,33,0,0,,,,,,,,0,1 0 0 0 0 0 0 0 0 0 0 0,,
43,35,0,0,,,,,,,,0,1 0 0 0 0 0 0 0 0 0 0 0,,
43,37,0,0,,,,,,,,0,1 0 0 0 0 0 0 0 0 0 0 0,,
43,39,0,0,,,,,,,,0,1 0 0 0 0 0 0 0 0 0 0 0,,
43,41,0,0,,,,,,,,0,1 0 0 0 0 0 0 0 0 0 0 0,,
43,43,0,0,,,,,,,,0,1 0 0 0 0 0 0 0 0 0 0 0,,
,,,,,,,,,,,,,,
44,1,0,0,,,,,,,,0,1 0 0 0 0 0 0 0 0 0 0 0,,
44,3,0,3,E',"[Toda3]Th5.3(1), \ P(E')\ne0",,,,,,0,1 0 0 0 0 0 0 0 0 0 0 0,,
44,5,0,3,w,PH=0,,,,,,0,1 0 0 0 0 0 0 0 0 0 0 0,,
44,7,0,3,b^{3},PH=0,,,,,,0,1 0 0 0 0 0 0 0 0 0 0 0,,
44,7,1,3,AB_{2},PH=0,,,,,,0,1 0 0 0 0 0 0 0 0 0 0 0,,
44,9,0,3,b_{2},"[Toda3]Th5.3(1), \ P(b_{2})\ne0",,,,,,0,1 0 0 0 0 0 0 0 0 0 0 0,,
44,11,0,0,,,,,,,,0,1 0 0 0 0 0 0 0 0 0 0 0,,
44,13,0,0,,,,,,,,0,1 0 0 0 0 0 0 0 0 0 0 0,,
44,15,0,3,AB,PH=0,,,,,,0,1 0 0 0 0 0 0 0 0 0 0 0,,
44,17,0,3,b,PH=0,,,,,,0,1 0 0 0 0 0 0 0 0 0 0 0,,
44,19,0,0,,,,,,,,0,1 0 0 0 0 0 0 0 0 0 0 0,,
44,21,0,0,,,,,,,,0,1 0 0 0 0 0 0 0 0 0 0 0,,
44,23,0,0,,,,,,,,0,1 0 0 0 0 0 0 0 0 0 0 0,,
44,25,0,0,,,,,,,,0,1 0 0 0 0 0 0 0 0 0 0 0,,
44,27,0,0,,,,,,,,0,1 0 0 0 0 0 0 0 0 0 0 0,,
44,29,0,0,,,,,,,,0,1 0 0 0 0 0 0 0 0 0 0 0,,
44,31,0,0,,,,,,,,0,1 0 0 0 0 0 0 0 0 0 0 0,,
44,33,0,0,,,,,,,,0,1 0 0 0 0 0 0 0 0 0 0 0,,
44,35,0,0,,,,,,,,0,1 0 0 0 0 0 0 0 0 0 0 0,,
44,37,0,0,,,,,,,,0,1 0 0 0 0 0 0 0 0 0 0 0,,
44,39,0,0,,,,,,,,0,1 0 0 0 0 0 0 0 0 0 0 0,,
44,41,0,0,,,,,,,,0,1 0 0 0 0 0 0 0 0 0 0 0,,
44,43,0,0,,,,,,,,0,1 0 0 0 0 0 0 0 0 0 0 0,,
,,,,,,,,,,,,,,
45,1,0,3,a_{11},PH=0,,,,,,0,1 0 0 0 0 0 0 0 0 0 0 0,,
45,3,0,3,a_{10},PH=0,,,,,,0,1 0 0 0 0 0 0 0 0 0 0 0,,
45,3,1,3,abb_{2},PH=0,,,,,,0,1 0 0 0 0 0 0 0 0 0 0 0,,
45,5,0,3,a_{9},PH=0,,,,,,0,1 0 0 0 0 0 0 0 0 0 0 0,,
45,7,0,3,a_{8},PH=0,,,,,,0,1 0 0 0 0 0 0 0 0 0 0 0,,
45,7,1,3,B^{3},PH=0,,,,,,0,1 0 0 0 0 0 0 0 0 0 0 0,,
45,9,0,3,B_{2},"[Toda3]Th5.3(1), \ P(B_{2})\ne0",,,,,,0,1 0 0 0 0 0 0 0 0 0 0 0,,
45,9,1,3,a_{7},PH=0,,,,,,0,1 0 0 0 0 0 0 0 0 0 0 0,,
45,11,0,3,a_{6},PH=0,,,,,,0,1 0 0 0 0 0 0 0 0 0 0 0,,
45,13,0,3,a_{5},PH=0,,,,,,0,1 0 0 0 0 0 0 0 0 0 0 0,,
45,15,0,3,a_{4},PH=0,,,,,,0,1 0 0 0 0 0 0 0 0 0 0 0,,
45,17,0,3,B,"[Toda3]Th5.3(2), \ P(B)=\Delta\xi(a,b)",,,,,,0,1 0 0 0 0 0 0 0 0 0 0 0,,
45,17,0,3,a_{3},PH=0,,,,,,0,1 0 0 0 0 0 0 0 0 0 0 0,,
45,19,0,3,a_{2},PH=0,,,,,,0,1 0 0 0 0 0 0 0 0 0 0 0,,
45,21,0,3,a,"[Toda3]Th5.3(2), \ P(a)=E^{2}\xi(a,b)",,,,,,0,1 0 0 0 0 0 0 0 0 0 0 0,,
45,23,0,0,,,,,,,,0,1 0 0 0 0 0 0 0 0 0 0 0,,
45,25,0,0,,,,,,,,0,1 0 0 0 0 0 0 0 0 0 0 0,,
45,27,0,0,,,,,,,,0,1 0 0 0 0 0 0 0 0 0 0 0,,
45,29,0,0,,,,,,,,0,1 0 0 0 0 0 0 0 0 0 0 0,,
45,31,0,0,,,,,,,,0,1 0 0 0 0 0 0 0 0 0 0 0,,
45,33,0,0,,,,,,,,0,1 0 0 0 0 0 0 0 0 0 0 0,,
45,35,0,0,,,,,,,,0,1 0 0 0 0 0 0 0 0 0 0 0,,
45,37,0,0,,,,,,,,0,1 0 0 0 0 0 0 0 0 0 0 0,,
45,39,0,0,,,,,,,,0,1 0 0 0 0 0 0 0 0 0 0 0,,
45,41,0,0,,,,,,,,0,1 0 0 0 0 0 0 0 0 0 0 0,,
45,43,0,0,,,,,,,,0,1 0 0 0 0 0 0 0 0 0 0 0,,
,,,,,,,,,,,,,,
46,1,0,3,A_{11},PH=0,,,,,,0,1 0 0 0 0 0 0 0 0 0 0 0,,
46,3,0,3,A_{10},PH=0,,,,,,0,1 0 0 0 0 0 0 0 0 0 0 0,,
46,3,1,3,b^{4},PH=0,,,,,,0,1 0 0 0 0 0 0 0 0 0 0 0,,
46,3,2,3,ABB_{2},PH=0,,,,,,0,1 0 0 0 0 0 0 0 0 0 0 0,,
46,5,0,3,A_{9},"[Toda3]Th4.3(3), \ P(A_{9})=E^{2}\alpha_{12}^{*}(3)=3\alpha_{12}^{*}{'}(5)",,,,,,0,1 0 0 0 0 0 0 0 0 0 0 0,,
46,5,1,3,bb_{2},PH=0,,,,,,0,1 0 0 0 0 0 0 0 0 0 0 0,,
46,7,0,3,A_{8},"[Toda3]Th4.3(3), \ P(A_{8})=E^{2}\alpha_{12}^{*}{'}(5)=3\alpha_{12}^{*}{'}(7)",,,,,,0,1 0 0 0 0 0 0 0 0 0 0 0,,
46,9,0,3,A_{7},"[Toda3]Th4.3(3), \ P(A_{7})=E^{2}\alpha_{12}^{*}{'}(7)=3\alpha_{12}^{*}{'}(9)",,,,,,0,1 0 0 0 0 0 0 0 0 0 0 0,,
46,11,0,3,A_{6},"[Toda3]Th4.3(3), \ P(A_{6})=E^{2}\alpha_{12}^{*}{'}(9)=3\alpha_{12}^{*}{'}(11)",,,,,,0,1 0 0 0 0 0 0 0 0 0 0 0,,
46,13,0,3,A_{5},"[Toda3]Th4.3(3), \ P(A_{5})=E^{2}\alpha_{12}^{*}{'}(11)=3\alpha_{12}^{*}{'}(13)",,,,,,0,1 0 0 0 0 0 0 0 0 0 0 0,,
46,15,0,3,A_{4},"[Toda3]Th4.3(3), \ P(A_{4})=E^{2}\alpha_{12}^{*}{'}(13)=3\alpha_{12}^{*}{'}(15)",,,,,,0,1 0 0 0 0 0 0 0 0 0 0 0,,
46,17,0,3,A_{3},"[Toda3]Th4.3(3), \ P(A_{3})=E^{2}\alpha_{12}^{*}{'}(15)=3\alpha_{12}^{*}{'}(17)",,,,,,0,1 0 0 0 0 0 0 0 0 0 0 0,,
46,19,0,3,A_{2},"[Toda3]Th4.3(3), \ P(A_{2})=E^{2}\alpha_{12}^{*}{'}(17)=3\alpha_{12}^{*}{'}(19)",,,,,,0,1 0 0 0 0 0 0 0 0 0 0 0,,
46,21,0,3,A_{1},"[Toda3]Th4.3(3), \ P(A_{1})=E^{2}\alpha_{12}^{*}{'}(19)=3\alpha_{12}^{*}{'}(21)",,,,,,0,1 0 0 0 0 0 0 0 0 0 0 0,,
46,23,0,3,A_{0},"[Toda3]Th4.3(3), \ P(A_{0})=E^{2}\alpha_{12}^{*}{'}(21)=\alpha_{12}^{*}(23)",,,,,,0,1 0 0 0 0 0 0 0 0 0 0 0,,
46,25,0,0,,,,,,,,0,1 0 0 0 0 0 0 0 0 0 0 0,,
46,27,0,0,,,,,,,,0,1 0 0 0 0 0 0 0 0 0 0 0,,
46,29,0,0,,,,,,,,0,1 0 0 0 0 0 0 0 0 0 0 0,,
46,31,0,0,,,,,,,,0,1 0 0 0 0 0 0 0 0 0 0 0,,
46,33,0,0,,,,,,,,0,1 0 0 0 0 0 0 0 0 0 0 0,,
46,35,0,0,,,,,,,,0,1 0 0 0 0 0 0 0 0 0 0 0,,
46,37,0,0,,,,,,,,0,1 0 0 0 0 0 0 0 0 0 0 0,,
46,39,0,0,,,,,,,,0,1 0 0 0 0 0 0 0 0 0 0 0,,
46,41,0,0,,,,,,,,0,1 0 0 0 0 0 0 0 0 0 0 0,,
46,43,0,0,,,,,,,,0,1 0 0 0 0 0 0 0 0 0 0 0,,
,,,,,,,,,,,,,,
,,,,,,,,,,,,,,
47,1,0,0,0,,,,,,,0,1 0 0 0 0 0 0 0 0 0 0 0,,
47,3,0,0,0,,,,,,,0,1 0 0 0 0 0 0 0 0 0 0 0,,
47,5,0,3,BB_{2},"[Toda3]Th5.4(2), \ P(BB_{2})=\Delta\xi(ab_{2},bb_{2})",,,,,,0,1 0 0 0 0 0 0 0 0 0 0 0,,
47,5,0,3,e',PH=0,,,,,,0,1 0 0 0 0 0 0 0 0 0 0 0,,
47,7,0,0,0,,,,,,,0,1 0 0 0 0 0 0 0 0 0 0 0,,
47,9,0,3,ab_{2},"[Toda3]Th5.4(2), \ P(ab_{2})=E^{2}\xi(ab_{2},bb_{2})",,,,,,0,1 0 0 0 0 0 0 0 0 0 0 0,,
47,11,0,0,0,,,,,,,0,1 0 0 0 0 0 0 0 0 0 0 0,,
47,13,0,3,B^{2},PH=0,,,,,,0,1 0 0 0 0 0 0 0 0 0 0 0,,
47,15,0,0,0,,,,,,,0,1 0 0 0 0 0 0 0 0 0 0 0,,
47,17,0,3,ab,PH=0,,,,,,0,1 0 0 0 0 0 0 0 0 0 0 0,,
47,19,0,0,0,,,,,,,0,1 0 0 0 0 0 0 0 0 0 0 0,,
47,21,0,0,0,,,,,,,0,1 0 0 0 0 0 0 0 0 0 0 0,,
47,23,0,0,0,,,,,,,0,1 0 0 0 0 0 0 0 0 0 0 0,,
47,25,0,0,0,,,,,,,0,1 0 0 0 0 0 0 0 0 0 0 0,,
47,27,0,0,0,,,,,,,0,1 0 0 0 0 0 0 0 0 0 0 0,,
47,29,0,0,0,,,,,,,0,1 0 0 0 0 0 0 0 0 0 0 0,,
47,31,0,0,0,,,,,,,0,1 0 0 0 0 0 0 0 0 0 0 0,,
47,33,0,0,0,,,,,,,0,1 0 0 0 0 0 0 0 0 0 0 0,,
47,35,0,0,0,,,,,,,0,1 0 0 0 0 0 0 0 0 0 0 0,,
47,37,0,0,0,,,,,,,0,1 0 0 0 0 0 0 0 0 0 0 0,,
47,39,0,0,0,,,,,,,0,1 0 0 0 0 0 0 0 0 0 0 0,,
47,41,0,0,0,,,,,,,0,1 0 0 0 0 0 0 0 0 0 0 0,,
47,43,0,0,0,,,,,,,0,1 0 0 0 0 0 0 0 0 0 0 0,,
47,45,0,0,0,,,,,,,0,1 0 0 0 0 0 0 0 0 0 0 0,,
47,47,0,0,0,,,,,,,0,1 0 0 0 0 0 0 0 0 0 0 0,,
47,49,0,0,0,,,,,,,0,1 0 0 0 0 0 0 0 0 0 0 0,,
,,,,,,,,,,,,,,
,,,,,,,,,,,,,,
48,1,0,3,b^{2}b_{2},PH=0,,,,,,0,1 0 0 0 0 0 0 0 0 0 0 0,,
48,1,0,3,AE_{2},PH=0,,,,,,0,1 0 0 0 0 0 0 0 0 0 0 0,,
48,3,0,3,e_{2},PH=0,,,,,,0,1 0 0 0 0 0 0 0 0 0 0 0,,
48,5,0,3,E',"[Toda3]Th5.4(2), \ P(E')=\Delta\xi(b^{3},e')",,,,,,0,1 0 0 0 0 0 0 0 0 0 0 0,,
48,5,0,3,e_{1},PH=0,,,,,,0,1 0 0 0 0 0 0 0 0 0 0 0,,
48,7,0,0,0,,,,,,,0,1 0 0 0 0 0 0 0 0 0 0 0,,
48,9,0,3,AB_{2},PH=0,,,,,,0,1 0 0 0 0 0 0 0 0 0 0 0,,
48,9,0,3,b^{3},"[Toda3]Th5.4(2), \ P(b^{3})=E^{2}\xi(b^{3},e')",,,,,,0,1 0 0 0 0 0 0 0 0 0 0 0,,
48,11,0,3,b_{2},PH=0,,,,,,0,1 0 0 0 0 0 0 0 0 0 0 0,,
48,13,0,0,0,,,,,,,0,1 0 0 0 0 0 0 0 0 0 0 0,,
48,15,0,0,0,,,,,,,0,1 0 0 0 0 0 0 0 0 0 0 0,,
48,17,0,3,AB,"[Toda3]Th5.4(2), \ P(AB)=E^{2}\xi(AB,B^{2})",,,,,,0,1 0 0 0 0 0 0 0 0 0 0 0,,
48,19,0,3,b,"[Toda3]Th5.4(2), \ P(b)\ne0",,,,,,0,1 0 0 0 0 0 0 0 0 0 0 0,,
48,21,0,0,0,,,,,,,0,1 0 0 0 0 0 0 0 0 0 0 0,,
48,23,0,0,0,,,,,,,0,1 0 0 0 0 0 0 0 0 0 0 0,,
48,25,0,0,0,,,,,,,0,1 0 0 0 0 0 0 0 0 0 0 0,,
48,27,0,0,0,,,,,,,0,1 0 0 0 0 0 0 0 0 0 0 0,,
48,29,0,0,0,,,,,,,0,1 0 0 0 0 0 0 0 0 0 0 0,,
48,31,0,0,0,,,,,,,0,1 0 0 0 0 0 0 0 0 0 0 0,,
48,33,0,0,0,,,,,,,0,1 0 0 0 0 0 0 0 0 0 0 0,,
48,35,0,0,0,,,,,,,0,1 0 0 0 0 0 0 0 0 0 0 0,,
48,37,0,0,0,,,,,,,0,1 0 0 0 0 0 0 0 0 0 0 0,,
48,39,0,0,0,,,,,,,0,1 0 0 0 0 0 0 0 0 0 0 0,,
48,41,0,0,0,,,,,,,0,1 0 0 0 0 0 0 0 0 0 0 0,,
48,43,0,0,0,,,,,,,0,1 0 0 0 0 0 0 0 0 0 0 0,,
48,45,0,0,0,,,,,,,0,1 0 0 0 0 0 0 0 0 0 0 0,,
48,47,0,0,0,,,,,,,0,1 0 0 0 0 0 0 0 0 0 0 0,,
48,49,0,0,0,,,,,,,0,1 0 0 0 0 0 0 0 0 0 0 0,,
,,,,,,,,,,,,,,
,,,,,,,,,,,,,,
49,1,0,3,B^{2}B_{2},PH=0,,,,,,0,1 0 0 0 0 0 0 0 0 0 0 0,,
49,1,1,3,a_{12},PH=0,,,,,,0,1 0 0 0 0 0 0 0 0 0 0 0,,
49,1,2,3,be',PH=0,,,,,,0,1 0 0 0 0 0 0 0 0 0 0 0,,
49,3,0,3,E_{2},"[Toda3]Th5.4(1), \ P(E_{2})\ne 0",,,,,,0,1 0 0 0 0 0 0 0 0 0 0 0,,
49,3,1,3,a_{11},PH=0,,,,,,0,1 0 0 0 0 0 0 0 0 0 0 0,,
49,5,0,3,E_{1},"[Toda3]Th5.4(2), \ P(E_{1})=\Delta\xi(B^{3},e_{1})",,,,,,0,1 0 0 0 0 0 0 0 0 0 0 0,,
49,5,1,3,a_{10},PH=0,,,,,,0,1 0 0 0 0 0 0 0 0 0 0 0,,
49,5,2,3,abb_{2},PH=0,,,,,,0,1 0 0 0 0 0 0 0 0 0 0 0,,
49,7,0,3,a_{9},PH=0,,,,,,0,1 0 0 0 0 0 0 0 0 0 0 0,,
49,9,0,3,B^{3},"[Toda3]Th5.4(2), \ P(B^{3})=E^{2}\xi(B^{3},e_{1})",,,,,,0,1 0 0 0 0 0 0 0 0 0 0 0,,
49,9,1,3,a_{8},PH=0,,,,,,0,1 0 0 0 0 0 0 0 0 0 0 0,,
49,11,0,3,B_{2},"[Toda3]Th5.4(3), \ P(B_{2})=\Delta v_{1}(13)",,,,,,0,1 0 0 0 0 0 0 0 0 0 0 0,,
49,11,1,3,a_{7},PH=0,,,,,,0,1 0 0 0 0 0 0 0 0 0 0 0,,
49,13,0,3,a_{6},PH=0,,,,,,0,1 0 0 0 0 0 0 0 0 0 0 0,,
49,13,1,3,ab^{2},PH=0,,,,,,0,1 0 0 0 0 0 0 0 0 0 0 0,,
49,15,0,3,a_{5},PH=0,,,,,,0,1 0 0 0 0 0 0 0 0 0 0 0,,
49,17,0,3,a_{4},PH=0,,,,,,0,1 0 0 0 0 0 0 0 0 0 0 0,,
49,19,0,3,B,"[Toda3]Th5.4(3), \ P(B)=v_{1}(19)",,,,,,0,1 0 0 0 0 0 0 0 0 0 0 0,,
49,19,1,3,a_{3},PH=0,,,,,,0,1 0 0 0 0 0 0 0 0 0 0 0,,
49,21,0,3,a_{2},PH=0,,,,,,0,1 0 0 0 0 0 0 0 0 0 0 0,,
49,23,0,3,a_{1},PH=0,,,,,,0,1 0 0 0 0 0 0 0 0 0 0 0,,
49,25,0,0,0,,,,,,,0,1 0 0 0 0 0 0 0 0 0 0 0,,
49,27,0,0,0,,,,,,,0,1 0 0 0 0 0 0 0 0 0 0 0,,
49,29,0,0,0,,,,,,,0,1 0 0 0 0 0 0 0 0 0 0 0,,
49,31,0,0,0,,,,,,,0,1 0 0 0 0 0 0 0 0 0 0 0,,
49,33,0,0,0,,,,,,,0,1 0 0 0 0 0 0 0 0 0 0 0,,
49,35,0,0,0,,,,,,,0,1 0 0 0 0 0 0 0 0 0 0 0,,
49,37,0,0,0,,,,,,,0,1 0 0 0 0 0 0 0 0 0 0 0,,
49,39,0,0,0,,,,,,,0,1 0 0 0 0 0 0 0 0 0 0 0,,
49,41,0,0,0,,,,,,,0,1 0 0 0 0 0 0 0 0 0 0 0,,
49,43,0,0,0,,,,,,,0,1 0 0 0 0 0 0 0 0 0 0 0,,
49,45,0,0,0,,,,,,,0,1 0 0 0 0 0 0 0 0 0 0 0,,
49,47,0,0,0,,,,,,,0,1 0 0 0 0 0 0 0 0 0 0 0,,
49,49,0,0,0,,,,,,,0,1 0 0 0 0 0 0 0 0 0 0 0,,
49,51,0,0,0,,,,,,,0,1 0 0 0 0 0 0 0 0 0 0 0,,
,,,,,,,,,,,,,,
,,,,,,,,,,,,,,
50,1,0,3,A_{12},PH=0,,,,,,0,1 0 0 0 0 0 0 0 0 0 0 0,,
50,1,1,3,BE',PH=0,,,,,,0,1 0 0 0 0 0 0 0 0 0 0 0,,
50,3,0,3,A_{11},"[Toda3](4.2.1),\ P(A_{11})=\alpha_{13}^{*}(3)",,,,,,0,1 0 0 0 0 0 0 0 0 0 0 0,,
50,5,0,3,A_{10},"[Toda3](4.2.1),\ P(A_{10})=\alpha_{13}^{*}(5)",,,,,,0,1 0 0 0 0 0 0 0 0 0 0 0,,
50,5,1,3,ABB_{2},"[Toda3]Th5.4(2),\ P(ABB_{2})=E^{2}\xi(ABB_{2},B^{2}B_{2})",,,,,,0,1 0 0 0 0 0 0 0 0 0 0 0,,
50,5,2,3,b^{4},PH=0,,,,,,0,1 0 0 0 0 0 0 0 0 0 0 0,,
50,7,0,3,A_{9},"[Toda3](4.2.1),\ P(A_{9})=\alpha_{13}^{*}(7)",,,,,,0,1 0 0 0 0 0 0 0 0 0 0 0,,
50,7,1,3,bb_{2},"[Toda3]Th5.4(2),\ P(bb_{2})\ne0",,,,,,0,1 0 0 0 0 0 0 0 0 0 0 0,,
50,9,0,3,A_{8},"[Toda3](4.2.1),\ P(A_{8})=\alpha_{13}^{*}(9)",,,,,,0,1 0 0 0 0 0 0 0 0 0 0 0,,
50,11,0,3,A_{7},"[Toda3](4.2.1),\ P(A_{7})=\alpha_{13}^{*}(11)",,,,,,0,1 0 0 0 0 0 0 0 0 0 0 0,,
50,13,0,3,A_{6},"[Toda3](4.2.1),\ P(A_{6})=\alpha_{13}^{*}(13)",,,,,,0,1 0 0 0 0 0 0 0 0 0 0 0,,
50,13,1,3,AB^{2},PH=0,,,,,,0,1 0 0 0 0 0 0 0 0 0 0 0,,
50,15,0,3,A_{5},"[Toda3](4.2.1),\ P(A_{5})=\alpha_{13}^{*}(15)",,,,,,0,1 0 0 0 0 0 0 0 0 0 0 0,,
50,15,1,3,b^{2},"[Toda3]Th5.4(2),\ P(b^{2})\ne0",,,,,,0,1 0 0 0 0 0 0 0 0 0 0 0,,
50,17,0,3,A_{4},"[Toda3](4.2.1),\ P(A_{4})=\alpha_{13}^{*}(17)",,,,,,0,1 0 0 0 0 0 0 0 0 0 0 0,,
50,19,0,3,A_{3},"[Toda3](4.2.1),\ P(A_{3})=\alpha_{13}^{*}(19)",,,,,,0,1 0 0 0 0 0 0 0 0 0 0 0,,
50,21,0,3,A_{2},"[Toda3](4.2.1),\ P(A_{2})=\alpha_{13}^{*}(21)",,,,,,0,1 0 0 0 0 0 0 0 0 0 0 0,,
50,23,0,3,A_{1},"[Toda3](4.2.1),\ P(A_{1})=\alpha_{13}^{*}(23)",,,,,,0,1 0 0 0 0 0 0 0 0 0 0 0,,
50,25,0,3,A_{0},"[Toda3](4.2.1),\ P(A_{0})=\alpha_{13}^{*}(25)",,,,,,0,1 0 0 0 0 0 0 0 0 0 0 0,,
50,27,0,0,0,,,,,,,0,1 0 0 0 0 0 0 0 0 0 0 0,,
50,29,0,0,0,,,,,,,0,1 0 0 0 0 0 0 0 0 0 0 0,,
50,31,0,0,0,,,,,,,0,1 0 0 0 0 0 0 0 0 0 0 0,,
50,33,0,0,0,,,,,,,0,1 0 0 0 0 0 0 0 0 0 0 0,,
50,35,0,0,0,,,,,,,0,1 0 0 0 0 0 0 0 0 0 0 0,,
50,37,0,0,0,,,,,,,0,1 0 0 0 0 0 0 0 0 0 0 0,,
50,39,0,0,0,,,,,,,0,1 0 0 0 0 0 0 0 0 0 0 0,,
50,41,0,0,0,,,,,,,0,1 0 0 0 0 0 0 0 0 0 0 0,,
50,43,0,0,0,,,,,,,0,1 0 0 0 0 0 0 0 0 0 0 0,,
50,45,0,0,0,,,,,,,0,1 0 0 0 0 0 0 0 0 0 0 0,,
50,47,0,0,0,,,,,,,0,1 0 0 0 0 0 0 0 0 0 0 0,,
50,49,0,0,0,,,,,,,0,1 0 0 0 0 0 0 0 0 0 0 0,,
50,51,0,0,0,,,,,,,0,1 0 0 0 0 0 0 0 0 0 0 0,,
,,,,,,,,,,,,,,
,,,,,,,,,,,,,,
51,1,0,3,ab^{2}b_{2},PH=0,,,,,,0,1 0 0 0 0 0 0 0 0 0 0 0,,
51,3,0,3,ph,PH=0,,,,,,0,1 0 0 0 0 0 0 0 0 0 0 0,,
51,5,0,3,B^{4},"[Toda3]Th5.4(2),\ P(B^{4})=E^{2}\xi(B^{4},BE')",,,,,,0,1 0 0 0 0 0 0 0 0 0 0 0,,
51,7,0,3,BB_{2},PH=0,,,,,,0,1 0 0 0 0 0 0 0 0 0 0 0,,
51,7,1,3,e',"[Toda3]Th5.4(2),\ P(e')\ne0",,,,,,0,1 0 0 0 0 0 0 0 0 0 0 0,,
51,9,0,0,0,,,,,,,0,1 0 0 0 0 0 0 0 0 0 0 0,,
51,11,0,3,ab_{2},PH=0,,,,,,0,1 0 0 0 0 0 0 0 0 0 0 0,,
51,13,0,0,0,,,,,,,0,1 0 0 0 0 0 0 0 0 0 0 0,,
51,15,0,3,B^{2},"[Toda3]Th5.4(1),\ P(B^{2})\ne0",,,,,,0,1 0 0 0 0 0 0 0 0 0 0 0,,
51,17,0,0,0,,,,,,,0,1 0 0 0 0 0 0 0 0 0 0 0,,
51,19,0,3,ab,PH=0,,,,,,0,1 0 0 0 0 0 0 0 0 0 0 0,,
51,21,0,0,0,,,,,,,0,1 0 0 0 0 0 0 0 0 0 0 0,,
51,23,0,0,0,,,,,,,0,1 0 0 0 0 0 0 0 0 0 0 0,,
51,25,0,0,0,,,,,,,0,1 0 0 0 0 0 0 0 0 0 0 0,,
51,27,0,0,0,,,,,,,0,1 0 0 0 0 0 0 0 0 0 0 0,,
51,29,0,0,0,,,,,,,0,1 0 0 0 0 0 0 0 0 0 0 0,,
51,31,0,0,0,,,,,,,0,1 0 0 0 0 0 0 0 0 0 0 0,,
51,33,0,0,0,,,,,,,0,1 0 0 0 0 0 0 0 0 0 0 0,,
51,35,0,0,0,,,,,,,0,1 0 0 0 0 0 0 0 0 0 0 0,,
51,37,0,0,0,,,,,,,0,1 0 0 0 0 0 0 0 0 0 0 0,,
51,39,0,0,0,,,,,,,0,1 0 0 0 0 0 0 0 0 0 0 0,,
51,41,0,0,0,,,,,,,0,1 0 0 0 0 0 0 0 0 0 0 0,,
51,43,0,0,0,,,,,,,0,1 0 0 0 0 0 0 0 0 0 0 0,,
51,45,0,0,0,,,,,,,0,1 0 0 0 0 0 0 0 0 0 0 0,,
51,47,0,0,0,,,,,,,0,1 0 0 0 0 0 0 0 0 0 0 0,,
51,49,0,0,0,,,,,,,0,1 0 0 0 0 0 0 0 0 0 0 0,,
51,51,0,0,0,,,,,,,0,1 0 0 0 0 0 0 0 0 0 0 0,,
51,53,0,0,0,,,,,,,0,1 0 0 0 0 0 0 0 0 0 0 0,,
,,,,,,,,,,,,,,
,,,,,,,,,,,,,,
52,1,0,3,AB^{2}B_{2},PH=0,,,,,,0,1 0 0 0 0 0 0 0 0 0 0 0,,
52,1,1,3,b^{5},PH=0,,,,,,0,0 1 0 0 0 0 0 0 0 0 0 0,,
52,3,0,3,AE_{2},PH=0,,,,,,0,1 0 0 0 0 0 0 0 0 0 0 0,,
52,3,1,3,b^{2}b_{2},"[Toda3]Th5.4(1),\ P(b^{2}b_{2})\ne0",,,,,,0,1 0 0 0 0 0 0 0 0 0 0 0,,
52,5,0,3,e_{2},PH=0,,,,,,0,1 0 0 0 0 0 0 0 0 0 0 0,,
52,7,0,3,E',PH=0,,,,,,0,1 0 0 0 0 0 0 0 0 0 0 0,,
52,7,1,3,e_{1},PH=0,,,,,,0,1 0 0 0 0 0 0 0 0 0 0 0,,
52,9,0,0,0,,,,,,,0,1 0 0 0 0 0 0 0 0 0 0 0,,
52,11,0,3,AB_{2},"[Toda3]Th5.4(2),\ P(AB_{2})=E^{2}\xi(AB_{2},BB_{2})",,,,,,0,1 0 0 0 0 0 0 0 0 0 0 0,,
52,11,1,3,b^{3},PH=0,,,,,,0,1 0 0 0 0 0 0 0 0 0 0 0,,
52,13,0,3,b_{2},"[Toda3]Th5.4(2),\ P(b_{2})\ne0",,,,,,0,1 0 0 0 0 0 0 0 0 0 0 0,,
52,15,0,0,0,,,,,,,0,1 0 0 0 0 0 0 0 0 0 0 0,,
52,17,0,0,0,,,,,,,0,1 0 0 0 0 0 0 0 0 0 0 0,,
52,19,0,3,AB,PH=0,,,,,,0,1 0 0 0 0 0 0 0 0 0 0 0,,
52,21,0,3,b,"[Toda3]Th5.4(1),\ P(b)\ne0",,,,,,0,1 0 0 0 0 0 0 0 0 0 0 0,,
52,23,0,0,0,,,,,,,0,1 0 0 0 0 0 0 0 0 0 0 0,,
52,25,0,0,0,,,,,,,0,1 0 0 0 0 0 0 0 0 0 0 0,,
52,27,0,0,0,,,,,,,0,1 0 0 0 0 0 0 0 0 0 0 0,,
52,29,0,0,0,,,,,,,0,1 0 0 0 0 0 0 0 0 0 0 0,,
52,31,0,0,0,,,,,,,0,1 0 0 0 0 0 0 0 0 0 0 0,,
52,33,0,0,0,,,,,,,0,1 0 0 0 0 0 0 0 0 0 0 0,,
52,35,0,0,0,,,,,,,0,1 0 0 0 0 0 0 0 0 0 0 0,,
52,37,0,0,0,,,,,,,0,1 0 0 0 0 0 0 0 0 0 0 0,,
52,39,0,0,0,,,,,,,0,1 0 0 0 0 0 0 0 0 0 0 0,,
52,41,0,0,0,,,,,,,0,1 0 0 0 0 0 0 0 0 0 0 0,,
52,43,0,0,0,,,,,,,0,1 0 0 0 0 0 0 0 0 0 0 0,,
52,45,0,0,0,,,,,,,0,1 0 0 0 0 0 0 0 0 0 0 0,,
52,47,0,0,0,,,,,,,0,1 0 0 0 0 0 0 0 0 0 0 0,,
52,49,0,0,0,,,,,,,0,1 0 0 0 0 0 0 0 0 0 0 0,,
52,51,0,0,0,,,,,,,0,1 0 0 0 0 0 0 0 0 0 0 0,,
52,53,0,0,0,,,,,,,0,1 0 0 0 0 0 0 0 0 0 0 0,,
,,,,,,,,,,,,,,
,,,,,,,,,,,,,,
53,1,0,3,a_{13},PH=0,,,,,,0,1 0 0 0 0 0 0 0 0 0 0 0
53,1,0,3,B^{5},PH=0,,,,,,0,1 0 0 0 0 0 0 0 0 0 0 0
53,3,0,3,a_{12},PH=0,,,,,,0,1 0 0 0 0 0 0 0 0 0 0 0
53,3,0,3,be',"[Toda3]Th5.4(1),\ P(be')\ne0",,,,,,0,1 0 0 0 0 0 0 0 0 0 0 0
53,3,0,3,B^{2}B_{2},"[Toda3]Th5.4(1),\ P(B^{2}B_{2})\ne0",,,,,,0,1 0 0 0 0 0 0 0 0 0 0 0
53,5,0,3,a_{11},PH=0,,,,,,0,1 0 0 0 0 0 0 0 0 0 0 0
53,5,0,3,E_{2},"[Toda3]Th5.4(2),\ P(E_{2})=\Delta P(E_{1})",,,,,,0,1 0 0 0 0 0 0 0 0 0 0 0
53,7,0,3,a_{10},PH=0,,,,,,0,1 0 0 0 0 0 0 0 0 0 0 0
53,7,0,3,abb_{2},PH=0,,,,,,0,1 0 0 0 0 0 0 0 0 0 0 0
53,7,0,3,E_{1},"[Toda3]Th5.4(2),\ P(E_{1})\ne0",,,,,,0,1 0 0 0 0 0 0 0 0 0 0 0
53,9,0,3,a_{9},PH=0,,,,,,0,1 0 0 0 0 0 0 0 0 0 0 0
53,11,0,3,a_{8},PH=0,,,,,,0,1 0 0 0 0 0 0 0 0 0 0 0
53,11,0,3,B^{3},"[Toda3]Th5.4(1),\ P(B^{3})=E^{2}\xi(B^{3},E')",,,,,,0,1 0 0 0 0 0 0 0 0 0 0 0
53,13,0,3,a_{7},PH=0,,,,,,0,1 0 0 0 0 0 0 0 0 0 0 0
53,13,0,3,B_{2},"[Toda3]Th5.4(1),\ P(B_{2})\ne0",,,,,,0,1 0 0 0 0 0 0 0 0 0 0 0
53,15,0,3,a_{6},PH=0,,,,,,0,1 0 0 0 0 0 0 0 0 0 0 0
53,15,0,3,ab^{2},"[Toda3]Th5.4(3),\ P(ab^{2})=v_{2}(15)",,,,,,0,1 0 0 0 0 0 0 0 0 0 0 0
53,17,0,3,a_{5},PH=0,,,,,,0,1 0 0 0 0 0 0 0 0 0 0 0
53,19,0,3,a_{4},PH=0,,,,,,0,1 0 0 0 0 0 0 0 0 0 0 0
53,21,0,3,a_{3},PH=0,,,,,,0,1 0 0 0 0 0 0 0 0 0 0 0
53,21,0,3,B,"[Toda3]Th5.4(1),\ P(B)\ne0",,,,,,0,1 0 0 0 0 0 0 0 0 0 0 0
53,23,0,3,a_{2},PH=0,,,,,,0,1 0 0 0 0 0 0 0 0 0 0 0
53,25,0,3,a,PH=0,,,,,,0,1 0 0 0 0 0 0 0 0 0 0 0
53,27,0,0,0,,,,,,,0,1 0 0 0 0 0 0 0 0 0 0 0
53,29,0,0,0,,,,,,,0,1 0 0 0 0 0 0 0 0 0 0 0
53,31,0,0,0,,,,,,,0,1 0 0 0 0 0 0 0 0 0 0 0
53,33,0,0,0,,,,,,,0,1 0 0 0 0 0 0 0 0 0 0 0
53,35,0,0,0,,,,,,,0,1 0 0 0 0 0 0 0 0 0 0 0
53,37,0,0,0,,,,,,,0,1 0 0 0 0 0 0 0 0 0 0 0
53,39,0,0,0,,,,,,,0,1 0 0 0 0 0 0 0 0 0 0 0
53,41,0,0,0,,,,,,,0,1 0 0 0 0 0 0 0 0 0 0 0
53,43,0,0,0,,,,,,,0,1 0 0 0 0 0 0 0 0 0 0 0
53,45,0,0,0,,,,,,,0,1 0 0 0 0 0 0 0 0 0 0 0
53,47,0,0,0,,,,,,,0,1 0 0 0 0 0 0 0 0 0 0 0
53,49,0,0,0,,,,,,,0,1 0 0 0 0 0 0 0 0 0 0 0
53,51,0,0,0,,,,,,,0,1 0 0 0 0 0 0 0 0 0 0 0
53,53,0,0,0,,,,,,,0,1 0 0 0 0 0 0 0 0 0 0 0
53,55,0,0,0,,,,,,,0,1 0 0 0 0 0 0 0 0 0 0 0
,,,,,,,,,,,,,,
,,,,,,,,,,,,,,
54,1,0,3,A_{13},PH=0,,,,,,0,1 0 0 0 0 0 0 0 0 0 0 0
54,1,1,3,b_{2}^{2},PH=0,,,,,,0,1 0 0 0 0 0 0 0 0 0 0 0
54,3,0,3,A_{12},"[Toda3](4.2.1),\ P(A_{12})=\alpha_{14}^{*}(3)",,,,,,0,1 0 0 0 0 0 0 0 0 0 0 0
54,3,1,3,BE',"[Toda3]Th5.4(1),\ P(BE')\ne0",,,,,,0,1 0 0 0 0 0 0 0 0 0 0 0
54,5,0,3,A_{11},"[Toda3](4.2.1),\ P(A_{11})=\alpha_{14}^{*}(5)",,,,,,0,1 0 0 0 0 0 0 0 0 0 0 0
54,7,0,3,A_{10},"[Toda3](4.2.1),\ P(A_{10})=\alpha_{14}^{*}(7)",,,,,,0,1 0 0 0 0 0 0 0 0 0 0 0
54,7,1,3,ABB_{2},PH=0,,,,,,0,1 0 0 0 0 0 0 0 0 0 0 0
54,7,2,3,b^{4},PH=0,,,,,,0,1 0 0 0 0 0 0 0 0 0 0 0
54,9,0,3,A_{9},"[Toda3](4.2.1),\ P(A_{9})=\alpha_{14}^{*}(9)",,,,,,0,1 0 0 0 0 0 0 0 0 0 0 0
54,9,1,3,bb_{2},"[Toda3]Th5.4(1),\ P(bb_{2})\ne0",,,,,,0,1 0 0 0 0 0 0 0 0 0 0 0
54,11,0,3,A_{8},"[Toda3](4.2.1),\ P(A_{8})=\alpha_{14}^{*}(11)",,,,,,0,1 0 0 0 0 0 0 0 0 0 0 0
54,13,0,3,A_{7},"[Toda3](4.2.1),\ P(A_{7})=\alpha_{14}^{*}(13)",,,,,,0,1 0 0 0 0 0 0 0 0 0 0 0
54,15,0,3,A_{6},"[Toda3](4.2.1),\ P(A_{6})=\alpha_{14}^{*}(15)",,,,,,0,1 0 0 0 0 0 0 0 0 0 0 0
54,15,1,3,AB^{2},PH=0,,,,,,0,1 0 0 0 0 0 0 0 0 0 0 0
54,17,0,3,A_{5},"[Toda3](4.2.1),\ P(A_{5})=\alpha_{14}^{*}(17)",,,,,,0,1 0 0 0 0 0 0 0 0 0 0 0
54,17,1,3,b^{2},PH=0,,,,,,0,1 0 0 0 0 0 0 0 0 0 0 0
54,19,0,3,A_{4},"[Toda3](4.2.1),\ P(A_{4})=\alpha_{14}^{*}(19)",,,,,,0,1 0 0 0 0 0 0 0 0 0 0 0
54,21,0,3,A_{3},"[Toda3](4.2.1),\ P(A_{3})=\alpha_{14}^{*}(21)",,,,,,0,1 0 0 0 0 0 0 0 0 0 0 0
54,23,0,3,A_{2},"[Toda3](4.2.1),\ P(A_{2})=\alpha_{14}^{*}(23)",,,,,,0,1 0 0 0 0 0 0 0 0 0 0 0
54,25,0,3,A_{1},"[Toda3](4.2.1),\ P(A_{1})=\alpha_{14}^{*}(25)",,,,,,0,1 0 0 0 0 0 0 0 0 0 0 0
54,27,0,3,A_{0},"[Toda3](4.2.1),\ P(A_{0})=\alpha_{14}^{*}(27)",,,,,,0,1 0 0 0 0 0 0 0 0 0 0 0
54,29,0,0,0,,,,,,,0,1 0 0 0 0 0 0 0 0 0 0 0
54,31,0,0,0,,,,,,,0,1 0 0 0 0 0 0 0 0 0 0 0
54,33,0,0,0,,,,,,,0,1 0 0 0 0 0 0 0 0 0 0 0
54,35,0,0,0,,,,,,,0,1 0 0 0 0 0 0 0 0 0 0 0
54,37,0,0,0,,,,,,,0,1 0 0 0 0 0 0 0 0 0 0 0
54,39,0,0,0,,,,,,,0,1 0 0 0 0 0 0 0 0 0 0 0
54,41,0,0,0,,,,,,,0,1 0 0 0 0 0 0 0 0 0 0 0
54,43,0,0,0,,,,,,,0,1 0 0 0 0 0 0 0 0 0 0 0
54,45,0,0,0,,,,,,,0,1 0 0 0 0 0 0 0 0 0 0 0
54,47,0,0,0,,,,,,,0,1 0 0 0 0 0 0 0 0 0 0 0
54,49,0,0,0,,,,,,,0,1 0 0 0 0 0 0 0 0 0 0 0
54,51,0,0,0,,,,,,,0,1 0 0 0 0 0 0 0 0 0 0 0
54,53,0,0,0,,,,,,,0,1 0 0 0 0 0 0 0 0 0 0 0
54,55,0,0,0,,,,,,,0,1 0 0 0 0 0 0 0 0 0 0 0
,,,,,,,,,,,,,,
,,,,,,,,,,,,,,
55,1,0,3,B_{2}^{2},PH=0,,,,,,0,1 0 0 0 0 0 0 0 0 0 0 0,,
55,3,0,3,ab^{2}b_{2},PH=0,,,,,,0,1 0 0 0 0 0 0 0 0 0 0 0,,
55,5,0,3,ph,,,,,,,0,1 0 0 0 0 0 0 0 0 0 0 0,,
55,7,0,3,B^{4},,,,,,,0,1 0 0 0 0 0 0 0 0 0 0 0,,
55,9,0,3,BB_{2},"[Toda3]Th5.4(1),\ P(BB_{2})\ne0",,,,,,0,1 0 0 0 0 0 0 0 0 0 0 0,,
55,9,1,3,e',"[Toda3]Th5.4(1),\ P(e')\ne0",,,,,,0,1 0 0 0 0 0 0 0 0 0 0 0,,
55,11,0,0,,,,,,,,0,1 0 0 0 0 0 0 0 0 0 0 0,,
55,13,0,3,ab_{2},PH=0,,,,,,0,1 0 0 0 0 0 0 0 0 0 0 0,,
55,15,0,0,,,,,,,,0,1 0 0 0 0 0 0 0 0 0 0 0,,
55,17,0,3,B^{2},"[Toda3]Th5.4(2),\ P(B^{2})=\Delta\xi(ab,b^{2})",,,,,,0,1 0 0 0 0 0 0 0 0 0 0 0,,
55,19,0,0,,,,,,,,0,1 0 0 0 0 0 0 0 0 0 0 0,,
55,21,0,0,ab,"[Toda3]Th5.4(2),\ P(ab)=E^{2}\xi(ab,b^{2})",,,,,,0,1 0 0 0 0 0 0 0 0 0 0 0,,
55,23,0,0,,,,,,,,0,1 0 0 0 0 0 0 0 0 0 0 0,,
55,25,0,0,,,,,,,,0,1 0 0 0 0 0 0 0 0 0 0 0,,
55,27,0,0,,,,,,,,0,1 0 0 0 0 0 0 0 0 0 0 0,,
55,29,0,0,,,,,,,,0,1 0 0 0 0 0 0 0 0 0 0 0,,
55,31,0,0,,,,,,,,0,1 0 0 0 0 0 0 0 0 0 0 0,,
55,33,0,0,,,,,,,,0,1 0 0 0 0 0 0 0 0 0 0 0,,
55,35,0,0,,,,,,,,0,1 0 0 0 0 0 0 0 0 0 0 0,,
55,37,0,0,,,,,,,,0,1 0 0 0 0 0 0 0 0 0 0 0,,
55,39,0,0,,,,,,,,0,1 0 0 0 0 0 0 0 0 0 0 0,,
55,41,0,0,,,,,,,,0,1 0 0 0 0 0 0 0 0 0 0 0,,
55,43,0,0,,,,,,,,0,1 0 0 0 0 0 0 0 0 0 0 0,,
,,,,,,,,,,,,,,
56,1,0,0,,,,,,,,0,1 0 0 0 0 0 0 0 0 0 0 0,,
56,3,0,3,b^{5},PH=0,,,,,,0,1 0 0 0 0 0 0 0 0 0 0 0,,
56,3,1,3,AB^{2}B_{2},PH=0,,,,,,0,1 0 0 0 0 0 0 0 0 0 0 0,,
56,5,0,3,AE_{2},PH=0,,,,,,0,1 0 0 0 0 0 0 0 0 0 0 0,,
56,5,1,3,b^{2}b_{2},PH=0,,,,,,0,1 0 0 0 0 0 0 0 0 0 0 0,,
56,7,0,3,e_{2},"[Toda3]Prop6.1(1),\ P(e_{2})=3\xi(7)",,,,,,0,1 0 0 0 0 0 0 0 0 0 0 0,,
56,9,0,3,e_{1},"[Toda3]Prop6.1(1),\ P(e_{1})=\xi(9)",,,,,,0,1 0 0 0 0 0 0 0 0 0 0 0,,
56,9,1,3,E',,,,,,,0,1 0 0 0 0 0 0 0 0 0 0 0,,
56,11,0,0,,,,,,,,0,1 0 0 0 0 0 0 0 0 0 0 0,,
56,13,0,3,b^{3},"[Toda3]Prop6.1(1),\ P(b^{3})=v(13)",,,,,,0,1 0 0 0 0 0 0 0 0 0 0 0,,
56,13,1,3,AB_{2},PH=0,,,,,,0,1 0 0 0 0 0 0 0 0 0 0 0,,
56,15,0,3,b_{2},"[Toda3]Th6.1(1),\ P(b_{2})\ne0",,,,,,0,1 0 0 0 0 0 0 0 0 0 0 0,,
56,17,0,0,,,,,,,,0,1 0 0 0 0 0 0 0 0 0 0 0,,
56,19,0,0,,,,,,,,0,1 0 0 0 0 0 0 0 0 0 0 0,,
56,21,0,3,AB,PH=0,,,,,,0,1 0 0 0 0 0 0 0 0 0 0 0,,
56,23,0,3,b,PH=0,,,,,,0,1 0 0 0 0 0 0 0 0 0 0 0,,
56,25,0,0,,,,,,,,0,1 0 0 0 0 0 0 0 0 0 0 0,,
56,27,0,0,,,,,,,,0,1 0 0 0 0 0 0 0 0 0 0 0,,
56,29,0,0,,,,,,,,0,1 0 0 0 0 0 0 0 0 0 0 0,,
56,31,0,0,,,,,,,,0,1 0 0 0 0 0 0 0 0 0 0 0,,
56,33,0,0,,,,,,,,0,1 0 0 0 0 0 0 0 0 0 0 0,,
56,35,0,0,,,,,,,,0,1 0 0 0 0 0 0 0 0 0 0 0,,
56,37,0,0,,,,,,,,0,1 0 0 0 0 0 0 0 0 0 0 0,,
56,39,0,0,,,,,,,,0,1 0 0 0 0 0 0 0 0 0 0 0,,
56,41,0,0,,,,,,,,0,1 0 0 0 0 0 0 0 0 0 0 0,,
56,43,0,0,,,,,,,,0,1 0 0 0 0 0 0 0 0 0 0 0,,
,,,,,,,,,,,,,,
57,1,0,3,a_{14},PH=0,,,,,,0,1 0 0 0 0 0 0 0 0 0 0 0,,
57,1,1,3,ab_{2}^{2},PH=0,,,,,,0,1 0 0 0 0 0 0 0 0 0 0 0,,
57,3,0,3,a_{13},PH=0,,,,,,0,1 0 0 0 0 0 0 0 0 0 0 0,,
57,3,1,3,B^{5},,,,,,,0,1 0 0 0 0 0 0 0 0 0 0 0,,
57,5,0,3,a_{12},PH=0,,,,,,0,1 0 0 0 0 0 0 0 0 0 0 0,,
57,5,1,3,be',PH=0,,,,,,0,1 0 0 0 0 0 0 0 0 0 0 0,,
57,5,2,3,B^{2}B_{2},"[Toda3]Th6.1(2),\ P(B^{2}B_{2})=\Delta\xi(abb_{2},b^{2}b_{2})",,,,,,0,1 0 0 0 0 0 0 0 0 0 0 0,,
57,7,0,3,a_{11},PH=0,,,,,,0,1 0 0 0 0 0 0 0 0 0 0 0,,
57,7,1,3,E_{2},"[Toda3]Prop6.1(2),\ P(E_{2})=3\xi'(7)",,,,,,0,1 0 0 0 0 0 0 0 0 0 0 0,,
57,9,0,3,E_{1},"[Toda3]Prop6.1(2),\ P(E_{1})=\xi'(9)",,,,,,0,1 0 0 0 0 0 0 0 0 0 0 0,,
57,9,1,3,a_{10},PH=0,,,,,,0,1 0 0 0 0 0 0 0 0 0 0 0,,
57,9,2,3,abb_{2},"[Toda3]Th6.1(2),\ P(abb_{2})=E^{2}\xi(abb_{2},b^{2}b_{2})",,,,,,0,1 0 0 0 0 0 0 0 0 0 0 0,,
57,11,0,3,a_{9},PH=0,,,,,,0,1 0 0 0 0 0 0 0 0 0 0 0,,
57,13,0,3,a_{8},PH=0,,,,,,0,1 0 0 0 0 0 0 0 0 0 0 0,,
57,13,1,3,B^{3},,,,,,,0,1 0 0 0 0 0 0 0 0 0 0 0,,
57,15,0,3,B_{2},"[Toda3]Th6.1(1),\ P(B_{2})\ne0",,,,,,0,1 0 0 0 0 0 0 0 0 0 0 0,,
57,15,1,3,a_{7},PH=0,,,,,,0,1 0 0 0 0 0 0 0 0 0 0 0,,
57,17,0,3,a_{6},PH=0,,,,,,0,1 0 0 0 0 0 0 0 0 0 0 0,,
57,17,1,3,ab^{2},PH=0,,,,,,0,1 0 0 0 0 0 0 0 0 0 0 0,,
57,19,0,3,a_{5},PH=0,,,,,,0,1 0 0 0 0 0 0 0 0 0 0 0,,
57,21,0,3,a_{4},PH=0,,,,,,0,1 0 0 0 0 0 0 0 0 0 0 0,,
57,23,0,3,B,"[Toda3]Th6.1(2),\ P(B)=\Delta\xi(a,b)",,,,,,0,1 0 0 0 0 0 0 0 0 0 0 0,,
57,23,1,3,a_{3},PH=0,,,,,,0,1 0 0 0 0 0 0 0 0 0 0 0,,
57,25,0,3,a_{2},PH=0,,,,,,0,1 0 0 0 0 0 0 0 0 0 0 0,,
57,27,0,3,a,"[Toda3]Th6.1(2),\ P(a)=E^{2}\xi(a,b)",,,,,,0,1 0 0 0 0 0 0 0 0 0 0 0,,
57,29,0,0,,,,,,,,0,1 0 0 0 0 0 0 0 0 0 0 0,,
57,31,0,0,,,,,,,,0,1 0 0 0 0 0 0 0 0 0 0 0,,
57,33,0,0,,,,,,,,0,1 0 0 0 0 0 0 0 0 0 0 0,,
57,35,0,0,,,,,,,,0,1 0 0 0 0 0 0 0 0 0 0 0,,
57,37,0,0,,,,,,,,0,1 0 0 0 0 0 0 0 0 0 0 0,,
57,39,0,0,,,,,,,,0,1 0 0 0 0 0 0 0 0 0 0 0,,
57,41,0,0,,,,,,,,0,1 0 0 0 0 0 0 0 0 0 0 0,,
57,43,0,0,,,,,,,,0,1 0 0 0 0 0 0 0 0 0 0 0,,


58,1,0,3,A_{14},"PH=0",,,,,,0,1 0 0 0 0 0 0 0 0 0 0 0
58,1,1,3,AB^{2},PH=0,,,,,,0,1 0 0 0 0 0 0 0 0 0 0 0
58,1,2,3,b^{3}b_{2},PH=0,,,,,,0,1 0 0 0 0 0 0 0 0 0 0 0
58,3,0,3,A_{13},PH=0,,,,,,0,1 0 0 0 0 0 0 0 0 0 0 0
58,3,1,3,b_{2}^{2},"[Toda3]Th6.1(1),\ P(b_{2}^{2})\ne0",,,,,,0,1 0 0 0 0 0 0 0 0 0 0 0
58,5,0,3,A_{12},"[Toda3](4.2.1),\ P(A_{12})=\alpha_{13}^{*}(5)",,,,,,0,1 0 0 0 0 0 0 0 0 0 0 0
58,5,1,3,BE',"[Toda3]Th6.1(2),\ P(BE')=\Delta\xi(b^{4},be')",,,,,,0,1 0 0 0 0 0 0 0 0 0 0 0
58,7,0,3,A_{11},"[Toda3](4.2.1),\ P(A_{11})=\alpha_{13}^{*}(7)",,,,,,0,1 0 0 0 0 0 0 0 0 0 0 0
58,9,0,3,A_{10},"[Toda3](4.2.1),\ P(A_{10})=\alpha_{13}^{*}(9)",,,,,,0,1 0 0 0 0 0 0 0 0 0 0 0
58,9,1,3,ABB_{2},PH=0,,,,,,0,1 0 0 0 0 0 0 0 0 0 0 0
58,9,1,3,b^{4},"[Toda3]Th6.1(2),\ P(b^{4})=E^{2}\xi(b^{4},be')",,,,,,0,1 0 0 0 0 0 0 0 0 0 0 0
58,11,0,3,A_{9},"[Toda3](4.2.1),\ P(A_{9})=\alpha_{13}^{*}(11)",,,,,,0,1 0 0 0 0 0 0 0 0 0 0 0
58,11,1,3,bb_{2},PH=0,,,,,,0,1 0 0 0 0 0 0 0 0 0 0 0
58,13,0,3,A_{8},"[Toda3](4.2.1),\ P(A_{8})=\alpha_{13}^{*}(13)",,,,,,0,1 0 0 0 0 0 0 0 0 0 0 0
58,15,0,3,A_{7},"[Toda3](4.2.1),\ P(A_{7})=\alpha_{13}^{*}(15)",,,,,,0,1 0 0 0 0 0 0 0 0 0 0 0
58,17,0,3,A_{6},"[Toda3](4.2.1),\ P(A_{6})=\alpha_{13}^{*}(17)",,,,,,0,1 0 0 0 0 0 0 0 0 0 0 0
58,17,1,3,AB^{2},"[Toda3]Th6.1(2),\ P(AB^{2})=E^{2}\xi(AB^{2},B^{3})",,,,,,0,1 0 0 0 0 0 0 0 0 0 0 0
58,19,0,3,A_{5},"[Toda3](4.2.1),\ P(A_{5})=\alpha_{13}^{*}(19)",,,,,,0,1 0 0 0 0 0 0 0 0 0 0 0
58,19,1,3,b^{2},"[Toda3]Th6.1(2),\ P(b^{2})\ne0",,,,,,0,1 0 0 0 0 0 0 0 0 0 0 0
58,21,0,3,A_{4},"[Toda3](4.2.1),\ P(A_{4})=\alpha_{13}^{*}(21)",,,,,,0,1 0 0 0 0 0 0 0 0 0 0 0
58,23,0,3,A_{3},"[Toda3](4.2.1),\ P(A_{3})=\alpha_{13}^{*}(23)",,,,,,0,1 0 0 0 0 0 0 0 0 0 0 0
58,25,0,3,A_{2},"[Toda3](4.2.1),\ P(A_{2})=\alpha_{13}^{*}(25)",,,,,,0,1 0 0 0 0 0 0 0 0 0 0 0
58,27,0,3,A_{1},"[Toda3](4.2.1),\ P(A_{1})=\alpha_{13}^{*}(27)",,,,,,0,1 0 0 0 0 0 0 0 0 0 0 0
58,29,0,3,A_{0},"[Toda3](4.2.1),\ P(A_{0})=\alpha_{13}^{*}(29)",,,,,,0,1 0 0 0 0 0 0 0 0 0 0 0
58,31,0,0,0,,,,,,,0,1 0 0 0 0 0 0 0 0 0 0 0
58,33,0,0,0,,,,,,,0,1 0 0 0 0 0 0 0 0 0 0 0
58,35,0,0,0,,,,,,,0,1 0 0 0 0 0 0 0 0 0 0 0
58,37,0,0,0,,,,,,,0,1 0 0 0 0 0 0 0 0 0 0 0
58,39,0,0,0,,,,,,,0,1 0 0 0 0 0 0 0 0 0 0 0
58,41,0,0,0,,,,,,,0,1 0 0 0 0 0 0 0 0 0 0 0
58,43,0,0,0,,,,,,,0,1 0 0 0 0 0 0 0 0 0 0 0
58,45,0,0,0,,,,,,,0,1 0 0 0 0 0 0 0 0 0 0 0
58,47,0,0,0,,,,,,,0,1 0 0 0 0 0 0 0 0 0 0 0
58,49,0,0,0,,,,,,,0,1 0 0 0 0 0 0 0 0 0 0 0
58,51,0,0,0,,,,,,,0,1 0 0 0 0 0 0 0 0 0 0 0
58,53,0,0,0,,,,,,,0,1 0 0 0 0 0 0 0 0 0 0 0
58,55,0,0,0,,,,,,,0,1 0 0 0 0 0 0 0 0 0 0 0
58,57,0,0,0,,,,,,,0,1 0 0 0 0 0 0 0 0 0 0 0
58,59,0,0,0,,,,,,,0,1 0 0 0 0 0 0 0 0 0 0 0


59,1,0,3,U,PH=0,,,,,,0,1 0 0 0 0 0 0 0 0 0 0 0
59,1,1,3,B^{3}B_{2},PH=0,,,,,,0,1 0 0 0 0 0 0 0 0 0 0 0
59,3,0,3,B_{2}^{2},"[Toda3]Th6.1(1),\ P(B_{2}^{2})\ne0",,,,,,0,1 0 0 0 0 0 0 0 0 0 0 0
59,3,1,3,u_{2},PH=0,,,,,,0,1 0 0 0 0 0 0 0 0 0 0 0
59,5,0,3,ab^{2}b_{2},PH=0,,,,,,0,1 0 0 0 0 0 0 0 0 0 0 0
59,5,1,3,u_{1},PH=0,,,,,,0,1 0 0 0 0 0 0 0 0 0 0 0
59,7,0,3,ph,"[Toda3]Th6.1(3),\ P(ph)=E^{4}\xi(ph,b^{3}b_{2})",,,,,,0,1 0 0 0 0 0 0 0 0 0 0 0
59,9,0,3,B^{4},PH=0,,,,,,0,1 0 0 0 0 0 0 0 0 0 0 0
59,11,0,3,e',PH=0,,,,,,0,1 0 0 0 0 0 0 0 0 0 0 0
59,11,1,3,BB_{2},"[Toda3]Th6.1(2),\ P(BB_{2})=\Delta\xi(ab_{2},bb_{2})",,,,,,0,1 0 0 0 0 0 0 0 0 0 0 0
59,13,0,0,0,,,,,,,0,1 0 0 0 0 0 0 0 0 0 0 0
59,15,0,3,ab_{2},"[Toda3]Th6.1(2),\ P(ab_{2})=E^{2}\xi(ab_{2},bb_{2})",,,,,,0,1 0 0 0 0 0 0 0 0 0 0 0
59,17,0,0,0,,,,,,,0,1 0 0 0 0 0 0 0 0 0 0 0
59,19,0,3,B^{2},PH=0,,,,,,0,1 0 0 0 0 0 0 0 0 0 0 0
59,21,0,0,0,,,,,,,0,1 0 0 0 0 0 0 0 0 0 0 0
59,23,0,3,ab,PH=0,,,,,,0,1 0 0 0 0 0 0 0 0 0 0 0
59,25,0,0,0,,,,,,,0,1 0 0 0 0 0 0 0 0 0 0 0
59,27,0,0,0,,,,,,,0,1 0 0 0 0 0 0 0 0 0 0 0
59,29,0,0,0,,,,,,,0,1 0 0 0 0 0 0 0 0 0 0 0
59,31,0,0,0,,,,,,,0,1 0 0 0 0 0 0 0 0 0 0 0
59,33,0,0,0,,,,,,,0,1 0 0 0 0 0 0 0 0 0 0 0
59,35,0,0,0,,,,,,,0,1 0 0 0 0 0 0 0 0 0 0 0
59,37,0,0,0,,,,,,,0,1 0 0 0 0 0 0 0 0 0 0 0
59,39,0,0,0,,,,,,,0,1 0 0 0 0 0 0 0 0 0 0 0
59,41,0,0,0,,,,,,,0,1 0 0 0 0 0 0 0 0 0 0 0
59,43,0,0,0,,,,,,,0,1 0 0 0 0 0 0 0 0 0 0 0
59,45,0,0,0,,,,,,,0,1 0 0 0 0 0 0 0 0 0 0 0
59,47,0,0,0,,,,,,,0,1 0 0 0 0 0 0 0 0 0 0 0
59,49,0,0,0,,,,,,,0,1 0 0 0 0 0 0 0 0 0 0 0
59,51,0,0,0,,,,,,,0,1 0 0 0 0 0 0 0 0 0 0 0
59,53,0,0,0,,,,,,,0,1 0 0 0 0 0 0 0 0 0 0 0
59,55,0,0,0,,,,,,,0,1 0 0 0 0 0 0 0 0 0 0 0
59,57,0,0,0,,,,,,,0,1 0 0 0 0 0 0 0 0 0 0 0
59,59,0,0,0,,,,,,,0,1 0 0 0 0 0 0 0 0 0 0 0
59,61,0,0,0,,,,,,,0,1 0 0 0 0 0 0 0 0 0 0 0





