k,n,id,orders,generator,P,P_coe,E,E_coe,H,H_coe,D,D_coe,Element,gen_coe
-1,0,0,0,,,,,,,,,,0,0 0 0 0 0 0 0 0 0 0 0 0
0,1,0,inf,,,,,,,,,,0,1 0 0 0 0 0 0 0 0 0 0 0
0,3,0,inf,,,,,,,,,,0,1 0 0 0 0 0 0 0 0 0 0 0
0,5,0,inf,,,,,,,,,,0,1 0 0 0 0 0 0 0 0 0 0 0
0,,,,,,,,,,,,,0,
1,1,0,0,,,,,,,,,,0,0 0 0 0 0 0 0 0 0 0 0 0
1,3,0,0,,,,,,,,,,0,1 0 0 0 0 0 0 0 0 0 0 0
1,5,0,0,,,,,,,,,,0,1 0 0 0 0 0 0 0 0 0 0 0
1,,,,,,,,,,,,,0,
2,1,0,0,,,,,,,,,,0,1 0 0 0 0 0 0 0 0 0 0 0
2,3,0,0,,,,,,,,,,0,1 0 0 0 0 0 0 0 0 0 0 0
2,4,0,0,,,,,,,,,,0,1 0 0 0 0 0 0 0 0 0 0 0
2,,,,,,,,,,,,,,
3,1,0,0,,,,,,,,,,0,1 0 0 0 0 0 0 0 0 0 0 0
3,3,0,3,,,,,1 0 0 0 0 0 0 0 0 0 0 0,"[Toda3]p44,\ H:\pi_{3+k}^3\cong Q_k^1, \ for \ k\neq0",1 0 0 0 0 0 0 0 0 0 0 0,,,1,1 0 0 0 0 0 0 0 0 0 0 0
3,5,0,3,,,,,1 0 0 0 0 0 0 0 0 0 0 0,,,,,1,1 0 0 0 0 0 0 0 0 0 0 0
3,7,0,3,,,,,1 0 0 0 0 0 0 0 0 0 0 0,,,,,1,1 0 0 0 0 0 0 0 0 0 0 0
3,,,,,,,,,,,,,,
4,1,0,0,,,,,,,,,,0,1 0 0 0 0 0 0 0 0 0 0 0
4,3,0,0,,,,,,,,,,0,1 0 0 0 0 0 0 0 0 0 0 0
4,5,0,0,,,,,,,,,,0,1 0 0 0 0 0 0 0 0 0 0 0
4,6,0,0,,,,,,,,,,0,1 0 0 0 0 0 0 0 0 0 0 0
4,,,,,,,,,,,,,,
5,1,0,0,,,,,,,,,,0,1 0 0 0 0 0 0 0 0 0 0 0
5,3,0,0,,,,,,,,,,0,1 0 0 0 0 0 0 0 0 0 0 0
5,5,0,0,,,,,,,,,,0,1 0 0 0 0 0 0 0 0 0 0 0
5,7,0,0,,,,,,,,,,0,1 0 0 0 0 0 0 0 0 0 0 0
5,,,,,,,,,,,,,,
6,1,0,0,,,,,,,,,,0,1 0 0 0 0 0 0 0 0 0 0 0
6,3,0,3,,,,"[Toda](13.7), \ \alpha_1(5)\alpha(8)=0",0 0 0 0 0 0 0 0 0 0 0 0,"[Toda3]p44,\ H:\pi_{3+k}^3\cong Q_k^1, \ for \ k\neq0",,,,1 1,1 0 0 0 0 0 0 0 0 0 0 0
6,5,0,0,,,,,,,,,,0,1 0 0 0 0 0 0 0 0 0 0 0
6,7,0,0,,,,,,,,,,0,1 0 0 0 0 0 0 0 0 0 0 0
6,8,0,0,,,,,,,,,,0,1 0 0 0 0 0 0 0 0 0 0 0
6,9,0,0,,,,,,,,,,0,1 0 0 0 0 0 0 0 0 0 0 0
6,,,,,,,,,,,,,,
7,1,0,0,,,,,,,,,,0,1 0 0 0 0 0 0 0 0 0 0 0
7,3,0,3,,,,,1 0 0 0 0 0 0 0 0 0 0 0,"[Toda3]p44,\ H:\pi_{3+k}^3\cong Q_k^1, \ for \ k\neq0",,,,2,1 0 0 0 0 0 0 0 0 0 0 0
7,5,0,3,,,,,1 0 0 0 0 0 0 0 0 0 0 0,,,,,2,1 0 0 0 0 0 0 0 0 0 0 0
7,7,0,3,,,,,1 0 0 0 0 0 0 0 0 0 0 0,,,,,2,1 0 0 0 0 0 0 0 0 0 0 0
7,9,0,3,,,,,1 0 0 0 0 0 0 0 0 0 0 0,,,,,2,1 0 0 0 0 0 0 0 0 0 0 0
7,,,,,,,,,,,,,,
8,1,0,0,,,,,,,,,,0,1 0 0 0 0 0 0 0 0 0 0 0
8,3,0,0,,,,,,,,,,0,1 0 0 0 0 0 0 0 0 0 0 0
8,5,0,0,,,,,,,,,,0,1 0 0 0 0 0 0 0 0 0 0 0
8,7,0,0,,,,,,,,,,0,1 0 0 0 0 0 0 0 0 0 0 0
8,9,0,0,,,,,,,,,,0,1 0 0 0 0 0 0 0 0 0 0 0
8,10,0,0,,,,,,,,,,0,1 0 0 0 0 0 0 0 0 0 0 0
8,,,,,,,,,,,,,,
9,1,0,0,,,,,,,,,,0,1 0 0 0 0 0 0 0 0 0 0 0
9,3,0,0,,,,,,,,,,0,1 0 0 0 0 0 0 0 0 0 0 0
9,5,0,0,,,,,,,,,,0,1 0 0 0 0 0 0 0 0 0 0 0
9,7,0,0,,,,,,,,,,0,1 0 0 0 0 0 0 0 0 0 0 0
9,9,0,0,,,,,,,,,,0,1 0 0 0 0 0 0 0 0 0 0 0
9,11,0,0,,,,,,,,,,0,1 0 0 0 0 0 0 0 0 0 0 0
9,,,,,,,,,,,,,,
10,1,0,0,,,,,,,,,,0,1 0 0 0 0 0 0 0 0 0 0 0
10,3,0,3,,,,"[Toda] Lem13.8,\ 3\beta_1(5)=-\alpha_1(5)\alpha_2(8)",6 0 0 0 0 0 0 0 0 0 0 0,"[Toda3]p44,\ H:\pi_{3+k}^3\cong Q_k^1, \ for \ k\neq0",,,,1 2,1 0 0 0 0 0 0 0 0 0 0 0
10,5,0,9,,,,,1 0 0 0 0 0 0 0 0 0 0 0,"[Toda3]p48, \ H(\beta_1(5))=a",,,,3,1 0 0 0 0 0 0 0 0 0 0 0
10,7,0,3,,,,,1 0 0 0 0 0 0 0 0 0 0 0,,,,,3,1 0 0 0 0 0 0 0 0 0 0 0
10,9,0,3,,,,,1 0 0 0 0 0 0 0 0 0 0 0,,,,,3,1 0 0 0 0 0 0 0 0 0 0 0
10,11,0,3,,,,,1 0 0 0 0 0 0 0 0 0 0 0,,,,,3,1 0 0 0 0 0 0 0 0 0 0 0
10,12,0,3,,,,,1 0 0 0 0 0 0 0 0 0 0 0,,,,,3,1 0 0 0 0 0 0 0 0 0 0 0
10,13,0,3,,,,,1 0 0 0 0 0 0 0 0 0 0 0,,,,,3,1 0 0 0 0 0 0 0 0 0 0 0
10,,,,,,,,,,,,,,
11,1,0,0,,,,,,,,,,0,1 0 0 0 0 0 0 0 0 0 0 0
11,3,0,3,,,,"[Toda] Th13.9,\ 3\alpha'_3(5)=\alpha_3(5)",3 0 0 0 0 0 0 0 0 0 0 0,"[Toda3]p44,\ H:\pi_{3+k}^3\cong Q_k^1, \ for \ k\neq0",,,,4,1 0 0 0 0 0 0 0 0 0 0 0
11,5,0,9,,,,,1 0 0 0 0 0 0 0 0 0 0 0,"[Toda3]Th4.3(3),\ H(\alpha'_{3}(5))=A_{1}",,,,5,1 0 0 0 0 0 0 0 0 0 0 0
11,7,0,9,,,,,1 0 0 0 0 0 0 0 0 0 0 0,,,,,5,1 0 0 0 0 0 0 0 0 0 0 0
11,9,0,9,,,,,1 0 0 0 0 0 0 0 0 0 0 0,,,,,5,1 0 0 0 0 0 0 0 0 0 0 0
11,11,0,9,,,,,1 0 0 0 0 0 0 0 0 0 0 0,,,,,5,1 0 0 0 0 0 0 0 0 0 0 0
11,13,0,9,,,,,1 0 0 0 0 0 0 0 0 0 0 0,,,,,5,1 0 0 0 0 0 0 0 0 0 0 0
11,,,,,,,,,,,,,,
12,1,0,0,,,,,,,,,,0,1 0 0 0 0 0 0 0 0 0 0 0
12,3,0,0,,,,,,,,,,0,1 0 0 0 0 0 0 0 0 0 0 0
12,5,0,0,,,,,,,,,,0,1 0 0 0 0 0 0 0 0 0 0 0
12,7,0,0,,,,,,,,,,0,1 0 0 0 0 0 0 0 0 0 0 0
12,9,0,0,,,,,,,,,,0,1 0 0 0 0 0 0 0 0 0 0 0
12,11,0,0,,,,,,,,,,0,1 0 0 0 0 0 0 0 0 0 0 0
12,13,0,0,,,,,,,,,,0,1 0 0 0 0 0 0 0 0 0 0 0
12,14,0,0,,,,,,,,,,0,1 0 0 0 0 0 0 0 0 0 0 0
12,,,,,,,,,,,,,,
13,1,0,0,,,,,,,,,,0,1 0 0 0 0 0 0 0 0 0 0 0
13,3,0,3,,,,,1 0 0 0 0 0 0 0 0 0 0 0,"[Toda3]p48, \ H(\alpha_1(3)\beta_1(6))=b",,,, 1 3,1 0 0 0 0 0 0 0 0 0 0 0
13,5,0,3,,,,,1 0 0 0 0 0 0 0 0 0 0 0,,,,, 1 3,1 0 0 0 0 0 0 0 0 0 0 0
13,7,0,3,,,,,1 0 0 0 0 0 0 0 0 0 0 0,,,,, 1 3,1 0 0 0 0 0 0 0 0 0 0 0
13,9,0,3,,,,,1 0 0 0 0 0 0 0 0 0 0 0,,,,, 1 3,1 0 0 0 0 0 0 0 0 0 0 0
13,11,0,3,,,,,1 0 0 0 0 0 0 0 0 0 0 0,,,,, 1 3,1 0 0 0 0 0 0 0 0 0 0 0
13,13,0,3,,,,,1 0 0 0 0 0 0 0 0 0 0 0,,,,, 1 3,1 0 0 0 0 0 0 0 0 0 0 0
13,15,0,3,,,,,1 0 0 0 0 0 0 0 0 0 0 0,,,,, 1 3,1 0 0 0 0 0 0 0 0 0 0 0
13,,,,,,,,,,,,,,
14,1,0,0,,,,,,,,,,0,1 0 0 0 0 0 0 0 0 0 0 0
14,3,0,3,,,,E^2 P=0,0 0 0 0 0 0 0 0 0 0 0 0,"[Toda3]Th4.2(2),\ H(\alpha_{4}^{*}(3))=a_{3}(1)",,,,9,1 0 0 0 0 0 0 0 0 0 0 0
14,5,0,3,,,,E^2 P=0,0 0 0 0 0 0 0 0 0 0 0 0,"[Toda3]Th4.2(2),\ H(\alpha_{4}^{*}(5))=a_{2}(3)",,,,9,1 0 0 0 0 0 0 0 0 0 0 0
14,7,0,3,,,,E^2 P=0,0 0 0 0 0 0 0 0 0 0 0 0,"[Toda3]Th4.2(2),\ H(\alpha_{4}^{*}(7))=a_{1}(5)",,,,9,1 0 0 0 0 0 0 0 0 0 0 0
14,9,0,0,,,,,,,,,,0,1 0 0 0 0 0 0 0 0 0 0 0
14,11,0,0,,,,,,,,,,0,1 0 0 0 0 0 0 0 0 0 0 0
14,13,0,0,,,,,,,,,,0,1 0 0 0 0 0 0 0 0 0 0 0
14,15,0,0,,,,,,,,,,0,1 0 0 0 0 0 0 0 0 0 0 0
14,16,0,0,,,,,,,,,,0,1 0 0 0 0 0 0 0 0 0 0 0
14,,,,,,,,,,,,,,
15,1,0,0,,,,,,,,,,0,1 0 0 0 0 0 0 0 0 0 0 0
15,3,0,3,,,,,1 0 0 0 0 0 0 0 0 0 0 0,"[Toda3]p44,\ H:\pi_{3+k}^3\cong Q_k^1, \ for \ k\neq0",,,,6,1 0 0 0 0 0 0 0 0 0 0 0
15,5,0,3,,,,,1 0 0 0 0 0 0 0 0 0 0 0,,,,,6,1 0 0 0 0 0 0 0 0 0 0 0
15,7,0,3,,,,,1 0 0 0 0 0 0 0 0 0 0 0,,,,,6,1 0 0 0 0 0 0 0 0 0 0 0
15,9,0,3,,,,,1 0 0 0 0 0 0 0 0 0 0 0,,,,,6,1 0 0 0 0 0 0 0 0 0 0 0
15,11,0,3,,,,,1 0 0 0 0 0 0 0 0 0 0 0,,,,,6,1 0 0 0 0 0 0 0 0 0 0 0
15,13,0,3,,,,,1 0 0 0 0 0 0 0 0 0 0 0,,,,,6,1 0 0 0 0 0 0 0 0 0 0 0
15,15,0,3,,,,,1 0 0 0 0 0 0 0 0 0 0 0,,,,,6,1 0 0 0 0 0 0 0 0 0 0 0
15,17,0,3,,,,,1 0 0 0 0 0 0 0 0 0 0 0,,,,,6,1 0 0 0 0 0 0 0 0 0 0 0
15,,,,,,,,,,,,,,
16,1,0,0,,,,,,,,,,0,1 0 0 0 0 0 0 0 0 0 0 0
16,3,0,3,,,,E^2 P=0,0 0 0 0 0 0 0 0 0 0 0 0,"[Toda3]p48, \ HP(Q^{2}(\beta_{1}))=ab",,,,10,1 0 0 0 0 0 0 0 0 0 0 0
16,5,0,0,,,,,,,,,,0,1 0 0 0 0 0 0 0 0 0 0 0
16,7,0,0,,,,,,,,,,0,1 0 0 0 0 0 0 0 0 0 0 0
16,9,0,0,,,,,,,,,,0,1 0 0 0 0 0 0 0 0 0 0 0
16,11,0,0,,,,,,,,,,0,1 0 0 0 0 0 0 0 0 0 0 0
16,13,0,0,,,,,,,,,,0,1 0 0 0 0 0 0 0 0 0 0 0
16,15,0,0,,,,,,,,,,0,1 0 0 0 0 0 0 0 0 0 0 0
16,17,0,0,,,,,,,,,,0,1 0 0 0 0 0 0 0 0 0 0 0
16,18,0,0,,,,,,,,,,0,1 0 0 0 0 0 0 0 0 0 0 0
16,,,,,,,,,,,,,,
17,1,0,0,,,,,,,,,,0,1 0 0 0 0 0 0 0 0 0 0 0
17,3,0,3,,,,E^2 P=0,0 0 0 0 0 0 0 0 0 0 0 0,"[Toda3]p48, \ HP(\overline{Q}^2(\beta_{1}))=AB",,,,11,1 0 0 0 0 0 0 0 0 0 0 0
17,5,0,0,,,,,,,,,,0,1 0 0 0 0 0 0 0 0 0 0 0
17,7,0,0,,,,,,,,,,0,1 0 0 0 0 0 0 0 0 0 0 0
17,9,0,0,,,,,,,,,,0,1 0 0 0 0 0 0 0 0 0 0 0
17,11,0,0,,,,,,,,,,0,1 0 0 0 0 0 0 0 0 0 0 0
17,13,0,0,,,,,,,,,,0,1 0 0 0 0 0 0 0 0 0 0 0
17,15,0,0,,,,,,,,,,0,1 0 0 0 0 0 0 0 0 0 0 0
17,17,0,0,,,,,,,,,,0,1 0 0 0 0 0 0 0 0 0 0 0
17,19,0,0,,,,,,,,,,0,1 0 0 0 0 0 0 0 0 0 0 0
17,,,,,,,,,,,,,,
18,1,0,0,,,,,,,,,,0,1 0 0 0 0 0 0 0 0 0 0 0
18,3,0,3,,,,E^2 P=0,0 0 0 0 0 0 0 0 0 0 0 0,"[Toda3]Th4.2(2),\ H(\alpha_{5}^{*}(3))=a_{4}(1)",,,,12,1 0 0 0 0 0 0 0 0 0 0 0
18,5,0,3,,,,E^2 P=0,0 0 0 0 0 0 0 0 0 0 0 0,"[Toda3]Th4.2(2),\ H(\alpha_{5}^{*}(5))=a_{3}(3)",,,,12,1 0 0 0 0 0 0 0 0 0 0 0
18,7,0,3,,,,E^2 P=0,0 0 0 0 0 0 0 0 0 0 0 0,"[Toda3]Th4.2(2),\ H(\alpha_{5}^{*}(7))=a_{2}(5)",,,,12,1 0 0 0 0 0 0 0 0 0 0 0
18,9,0,3,,,,E^2 P=0,0 0 0 0 0 0 0 0 0 0 0 0,"[Toda3]Th4.2(2),\ H(\alpha_{5}^{*}(9))=a_{1}(7)",,,,12,1 0 0 0 0 0 0 0 0 0 0 0
18,11,0,0,,,,,,,,,,0,1 0 0 0 0 0 0 0 0 0 0 0
18,13,0,0,,,,,,,,,,0,1 0 0 0 0 0 0 0 0 0 0 0
18,15,0,0,,,,,,,,,,0,1 0 0 0 0 0 0 0 0 0 0 0
18,17,0,0,,,,,,,,,,0,1 0 0 0 0 0 0 0 0 0 0 0
18,19,0,0,,,,,,,,,,0,1 0 0 0 0 0 0 0 0 0 0 0
18,20,0,0,,,,,,,,,,0,1 0 0 0 0 0 0 0 0 0 0 0
18,,,,,,,,,,,,,,
19,1,0,0,,,,,,,,,,0,1 0 0 0 0 0 0 0 0 0 0 0
19,3,0,3,,,,,1 0 0 0 0 0 0 0 0 0 0 0,"[Toda3]p44,\ H:\pi_{3+k}^3\cong Q_k^1, \ for \ k\neq0",,,,7,1 0 0 0 0 0 0 0 0 0 0 0
19,5,0,3,,,,,1 0 0 0 0 0 0 0 0 0 0 0,,,,,7,1 0 0 0 0 0 0 0 0 0 0 0
19,7,0,3,,,,,1 0 0 0 0 0 0 0 0 0 0 0,,,,,7,1 0 0 0 0 0 0 0 0 0 0 0
19,9,0,3,,,,,1 0 0 0 0 0 0 0 0 0 0 0,,,,,7,1 0 0 0 0 0 0 0 0 0 0 0
19,11,0,3,,,,,1 0 0 0 0 0 0 0 0 0 0 0,,,,,7,1 0 0 0 0 0 0 0 0 0 0 0
19,13,0,3,,,,,1 0 0 0 0 0 0 0 0 0 0 0,,,,,7,1 0 0 0 0 0 0 0 0 0 0 0
19,15,0,3,,,,,1 0 0 0 0 0 0 0 0 0 0 0,,,,,7,1 0 0 0 0 0 0 0 0 0 0 0
19,17,0,3,,,,,1 0 0 0 0 0 0 0 0 0 0 0,,,,,7,1 0 0 0 0 0 0 0 0 0 0 0
19,19,0,3,,,,,1 0 0 0 0 0 0 0 0 0 0 0,,,,,7,1 0 0 0 0 0 0 0 0 0 0 0
19,21,0,3,,,,,1 0 0 0 0 0 0 0 0 0 0 0,,,,,7,1 0 0 0 0 0 0 0 0 0 0 0
19,,,,,,,,,,,,,,
20,1,0,0,,,,,,,,,,0,1 0 0 0 0 0 0 0 0 0 0 0
20,3,0,0,,,,,,,,,,0,1 0 0 0 0 0 0 0 0 0 0 0
20,5,0,3,,,,,1 0 0 0 0 0 0 0 0 0 0 0,"[Toda3]p48, \ H(\beta_{1}(5)^{2})=ab",,,,3 3,1 0 0 0 0 0 0 0 0 0 0 0
20,7,0,3,,,,,1 0 0 0 0 0 0 0 0 0 0 0,,,,,3 3,1 0 0 0 0 0 0 0 0 0 0 0
20,9,0,3,,,,,1 0 0 0 0 0 0 0 0 0 0 0,,,,,3 3,1 0 0 0 0 0 0 0 0 0 0 0
20,11,0,3,,,,,1 0 0 0 0 0 0 0 0 0 0 0,,,,,3 3,1 0 0 0 0 0 0 0 0 0 0 0
20,13,0,3,,,,,1 0 0 0 0 0 0 0 0 0 0 0,,,,,3 3,1 0 0 0 0 0 0 0 0 0 0 0
20,15,0,3,,,,,1 0 0 0 0 0 0 0 0 0 0 0,,,,,3 3,1 0 0 0 0 0 0 0 0 0 0 0
20,17,0,3,,,,,1 0 0 0 0 0 0 0 0 0 0 0,,,,,3 3,1 0 0 0 0 0 0 0 0 0 0 0
20,19,0,3,,,,,1 0 0 0 0 0 0 0 0 0 0 0,,,,,3 3,1 0 0 0 0 0 0 0 0 0 0 0
20,21,0,3,,,,,1 0 0 0 0 0 0 0 0 0 0 0,,,,,3 3,1 0 0 0 0 0 0 0 0 0 0 0
20,22,0,3,,,,,1 0 0 0 0 0 0 0 0 0 0 0,,,,,3 3,1 0 0 0 0 0 0 0 0 0 0 0
20,,,,,,,,,,,,,,
21,1,0,0,,,,,,,,,,0,1 0 0 0 0 0 0 0 0 0 0 0
21,3,0,0,,,,,,,,,,0,1 0 0 0 0 0 0 0 0 0 0 0
21,5,0,3,,,,E^2 P=0,0 0 0 0 0 0 0 0 0 0 0 0,"[Toda3]Th5.1, \ H(\Delta(v(7)))=HP(B)=AB",,,,13,1 0 0 0 0 0 0 0 0 0 0 0
21,7,0,3,,,,"[Toda3]Lem5.1(1), \ v(9)=P(a)\ne0",1 0 0 0 0 0 0 0 0 0 0 0,"[Toda3]Lem5.1(1), \ H(v(7))=b",,,,14,1 0 0 0 0 0 0 0 0 0 0 0
21,9,0,3,,,,E^{2}P=0,0 0 0 0 0 0 0 0 0 0 0 0,,,,,14,1 0 0 0 0 0 0 0 0 0 0 0
21,11,0,0,,,,,,,,,,0,1 0 0 0 0 0 0 0 0 0 0 0
21,13,0,0,,,,,,,,,,0,1 0 0 0 0 0 0 0 0 0 0 0
21,15,0,0,,,,,,,,,,0,1 0 0 0 0 0 0 0 0 0 0 0
21,17,0,0,,,,,,,,,,0,1 0 0 0 0 0 0 0 0 0 0 0
21,19,0,0,,,,,,,,,,0,1 0 0 0 0 0 0 0 0 0 0 0
21,21,0,0,,,,,,,,,,0,1 0 0 0 0 0 0 0 0 0 0 0
21,23,0,0,,,,,,,,,,0,1 0 0 0 0 0 0 0 0 0 0 0
21,25,0,0,,,,,,,,,,0,1 0 0 0 0 0 0 0 0 0 0 0
22,1,0,0,,,,,,,,,,0,1 0 0 0 0 0 0 0 0 0 0 0
22,3,0,3,,,,"[Toda3]Th4.3(1),\ E^{2}\alpha_{6}^{*}(3)=3\alpha_{6}^{*}{'}(5)",,"[Toda3]Th4.3(5),\ H(\alpha_{6}^{*}(3))=a_{5}",,,,16,1 0 0 0 0 0 0 0 0 0 0 0
22,5,0,9,,,,"[Toda3]Th4.3(1),\ E^{2}\alpha_{6}^{*}{'}(5)=3\alpha_{6}^{*}{'}(7)",,"[Toda3]Th4.3(5),\ H(\alpha_{6}^{*}{'}(5))=a_{4}",,,,15,1 0 0 0 0 0 0 0 0 0 0 0
22,7,0,9,,,,"[Toda3]Th4.3(1),\ E^{2}\alpha_{6}^{*}{'}(7)=3\alpha_{6}^{*}{'}(9)",,"[Toda3]Th4.3(5),\ H(\alpha_{6}^{*}{'}(7))=a_{3}",,,,15,1 0 0 0 0 0 0 0 0 0 0 0
22,9,0,9,,,,"[Toda3]Th4.3(1),\ E^{2}\alpha_{6}^{*}{'}(9)=\alpha_{6}^{*}(11)",,"[Toda3]Th4.3(5),\ H(\alpha_{6}^{*}{'}(9))=a_{2}",,,,15,1 0 0 0 0 0 0 0 0 0 0 0
22,11,0,3,,,,E^{2}P=0,0 0 0 0 0 0 0 0 0 0 0 0,H E^{2}=0,,,,16,1 0 0 0 0 0 0 0 0 0 0 0
22,13,0,0,,,,,,,,,,0,1 0 0 0 0 0 0 0 0 0 0 0
22,15,0,0,,,,,,,,,,0,1 0 0 0 0 0 0 0 0 0 0 0
22,17,0,0,,,,,,,,,,0,1 0 0 0 0 0 0 0 0 0 0 0
22,19,0,0,,,,,,,,,,0,1 0 0 0 0 0 0 0 0 0 0 0
22,21,0,0,,,,,,,,,,0,1 0 0 0 0 0 0 0 0 0 0 0
22,23,0,0,,,,,,,,,,0,1 0 0 0 0 0 0 0 0 0 0 0
22,25,0,0,,,,,,,,,,0,1 0 0 0 0 0 0 0 0 0 0 0
23,1,0,0,,,,,,,,,,0,1 0 0 0 0 0 0 0 0 0 0 0
23,3,0,3,,,,E^2 \alpha_{6}(3)=3\alpha'_{6}(5),,"[Toda3]Th4.3(3),\ H(\alpha_{6}(3))=A_{5}",,,,19,1 0 0 0 0 0 0 0 0 0 0 0
23,3,1,3,,,,,,"[Toda3]p48, \ H(\alpha_{1}(3)\beta_{1}(6)^{2})=b^{2}",,,,1 3 3,0 1 0 0 0 0 0 0 0 0 0 0
23,5,0,9,,,,,,"[Toda3]Th4.3(3),\ H(\alpha'_{6}(5))=A_{4}",,,,20,1 0 0 0 0 0 0 0 0 0 0 0
23,5,1,3,,,,,,,,,,1 3 3,0 1 0 0 0 0 0 0 0 0 0 0
23,7,0,9,,,,,,,,,,20,1 0 0 0 0 0 0 0 0 0 0 0
23,7,1,3,,,,,,,,,,1 3 3,0 1 0 0 0 0 0 0 0 0 0 0
23,9,0,9,,,,,,,,,,20,1 0 0 0 0 0 0 0 0 0 0 0
23,9,1,3,,,,,,,,,,1 3 3,0 1 0 0 0 0 0 0 0 0 0 0
23,11,0,9,,,,,,,,,,20,1 0 0 0 0 0 0 0 0 0 0 0
23,11,1,3,,,,,,,,,,1 3 3,0 1 0 0 0 0 0 0 0 0 0 0
23,13,0,9,,,,,,,,,,20,1 0 0 0 0 0 0 0 0 0 0 0
23,13,1,3,,,,,,,,,,1 3 3,0 1 0 0 0 0 0 0 0 0 0 0
23,15,0,9,,,,,,,,,,20,1 0 0 0 0 0 0 0 0 0 0 0
23,15,1,3,,,,,,,,,,1 3 3,0 1 0 0 0 0 0 0 0 0 0 0
23,17,0,9,,,,,,,,,,20,1 0 0 0 0 0 0 0 0 0 0 0
23,17,1,3,,,,,,,,,,1 3 3,0 1 0 0 0 0 0 0 0 0 0 0
23,19,0,9,,,,,,,,,,20,1 0 0 0 0 0 0 0 0 0 0 0
23,19,1,3,,,,,,,,,,1 3 3,0 1 0 0 0 0 0 0 0 0 0 0
23,21,0,9,,,,,,,,,,20,1 0 0 0 0 0 0 0 0 0 0 0
23,21,1,3,,,,,,,,,,1 3 3,0 1 0 0 0 0 0 0 0 0 0 0
23,23,0,9,,,,,,,,,,20,1 0 0 0 0 0 0 0 0 0 0 0
23,23,1,3,,,,,,,,,,1 3 3,0 1 0 0 0 0 0 0 0 0 0 0
23,25,0,9,,,,,,,,,,20,1 0 0 0 0 0 0 0 0 0 0 0
23,25,1,3,,,,,,,,,,1 3 3,0 1 0 0 0 0 0 0 0 0 0 0
24,1,0,0,,,,,,,,,,0,1 0 0 0 0 0 0 0 0 0 0 0
24,3,0,3,,,,"E^{2}\xi(AB,B^{2})=P(AB)\ne0",1 0 0 0 0 0 0 0 0 0 0 0,"[Toda3]p48, \ H(\xi(AB,B^{2}))=B^{2}",,,,21,1 0 0 0 0 0 0 0 0 0 0 0
24,5,0,3,,,,"P(AB)=E^{2}\xi(AB,B^{2})",0 0 0 0 0 0 0 0 0 0 0 0,,,,,21,1 0 0 0 0 0 0 0 0 0 0 0
24,7,0,3,,,,E^2 P=0,0 0 0 0 0 0 0 0 0 0 0 0,"[Toda3]p48, \ HP(Q^{4}(\beta_{1}))=ab",,,,22,1 0 0 0 0 0 0 0 0 0 0 0
24,9,0,0,,,,,,,,,,0,1 0 0 0 0 0 0 0 0 0 0 0
24,11,0,0,,,,,,,,,,0,1 0 0 0 0 0 0 0 0 0 0 0
24,13,0,0,,,,,,,,,,0,1 0 0 0 0 0 0 0 0 0 0 0
24,15,0,0,,,,,,,,,,0,1 0 0 0 0 0 0 0 0 0 0 0
24,17,0,0,,,,,,,,,,0,1 0 0 0 0 0 0 0 0 0 0 0
24,19,0,0,,,,,,,,,,0,1 0 0 0 0 0 0 0 0 0 0 0
24,21,0,0,,,,,,,,,,0,1 0 0 0 0 0 0 0 0 0 0 0
24,23,0,0,,,,,,,,,,0,1 0 0 0 0 0 0 0 0 0 0 0
24,25,0,0,,,,,,,,,,0,1 0 0 0 0 0 0 0 0 0 0 0
24,27,0,0,,,,,,,,,,0,1 0 0 0 0 0 0 0 0 0 0 0
25,1,0,0,,,,,,,,,,0,1 0 0 0 0 0 0 0 0 0 0 0
25,3,0,0,,,,,,,,,,0,1 0 0 0 0 0 0 0 0 0 0 0
25,5,0,0,,,,,,,,,,0,1 0 0 0 0 0 0 0 0 0 0 0
25,7,0,0,,,,,,,,,,0,1 0 0 0 0 0 0 0 0 0 0 0
25,9,0,0,,,,,,,,,,0,1 0 0 0 0 0 0 0 0 0 0 0
25,11,0,0,,,,,,,,,,0,1 0 0 0 0 0 0 0 0 0 0 0
25,13,0,0,,,,,,,,,,0,1 0 0 0 0 0 0 0 0 0 0 0
25,15,0,0,,,,,,,,,,0,1 0 0 0 0 0 0 0 0 0 0 0
25,17,0,0,,,,,,,,,,0,1 0 0 0 0 0 0 0 0 0 0 0
25,19,0,0,,,,,,,,,,0,1 0 0 0 0 0 0 0 0 0 0 0
25,21,0,0,,,,,,,,,,0,1 0 0 0 0 0 0 0 0 0 0 0
25,23,0,0,,,,,,,,,,0,1 0 0 0 0 0 0 0 0 0 0 0
25,25,0,0,,,,,,,,,,0,1 0 0 0 0 0 0 0 0 0 0 0
25,27,0,0,,,,,,,,,,0,1 0 0 0 0 0 0 0 0 0 0 0
26,1,0,0,,,,,,,,,,0,1 0 0 0 0 0 0 0 0 0 0 0
26,3,0,3,,,,E^2 P=0,0 0 0 0 0 0 0 0 0 0 0 0,,,,,23,1 0 0 0 0 0 0 0 0 0 0 0
26,3,1,3,,,,E^2 P=0,0 0 0 0 0 0 0 0 0 0 0 0,"[Toda3]Th5.1, \ HP(b^{2})=ab^{2}",,,,24,0 1 0 0 0 0 0 0 0 0 0 0
26,5,0,3,,,,E^2 P=0,0 0 0 0 0 0 0 0 0 0 0 0,HP(\overline{Q}^{3}(\alpha_{4}))=Q^{2}(\alpha_{5}),,,,23,1 0 0 0 0 0 0 0 0 0 0 0
26,7,0,3,,,,E^2 P=0,0 0 0 0 0 0 0 0 0 0 0 0,HP(\overline{Q}^{4}(\alpha_{3}))=Q^{3}(\alpha_{4}),,,,23,1 0 0 0 0 0 0 0 0 0 0 0
26,9,0,3,,,,E^2 P=0,0 0 0 0 0 0 0 0 0 0 0 0,HP(\overline{Q}^{5}(\alpha_{2}))=Q^{4}(\alpha'_{3}),,,,23,1 0 0 0 0 0 0 0 0 0 0 0
26,9,1,3,,,,,0 1 0 0 0 0 0 0 0 0 0 0,"[Toda3]p48, \ H(\beta_{2}(9))=B",,,,28,0 1 0 0 0 0 0 0 0 0 0 0
26,11,0,3,,,,E^2 P=0,0 0 0 0 0 0 0 0 0 0 0 0,HP(\overline{Q}^{6}(\alpha_{1}))=Q^{5}(\alpha_{2}),,,,23,1 0 0 0 0 0 0 0 0 0 0 0
26,11,1,3,,,,,0 1 0 0 0 0 0 0 0 0 0 0,HE^{2}=0,,,,28,0 1 0 0 0 0 0 0 0 0 0 0
26,13,0,3,,,,E^2 P=0,0 0 0 0 0 0 0 0 0 0 0 0,HP(Q^{7}(\iota))=Q^{6}(\alpha_{1}),,,,23,1 0 0 0 0 0 0 0 0 0 0 0
26,13,1,3,,,,,1 0 0 0 0 0 0 0 0 0 0 0,,,,,28,0 1 0 0 0 0 0 0 0 0 0 0
26,15,0,3,,,,,1 0 0 0 0 0 0 0 0 0 0 0,,,,,28,1 0 0 0 0 0 0 0 0 0 0 0
26,17,0,3,,,,,1 0 0 0 0 0 0 0 0 0 0 0,,,,,28,1 0 0 0 0 0 0 0 0 0 0 0
26,19,0,3,,,,,1 0 0 0 0 0 0 0 0 0 0 0,,,,,28,1 0 0 0 0 0 0 0 0 0 0 0
26,21,0,3,,,,,1 0 0 0 0 0 0 0 0 0 0 0,,,,,28,1 0 0 0 0 0 0 0 0 0 0 0
26,23,0,3,,,,,1 0 0 0 0 0 0 0 0 0 0 0,,,,,28,1 0 0 0 0 0 0 0 0 0 0 0
26,25,0,3,,,,,1 0 0 0 0 0 0 0 0 0 0 0,,,,,28,1 0 0 0 0 0 0 0 0 0 0 0
26,27,0,3,,,,,1 0 0 0 0 0 0 0 0 0 0 0,,,,,28,1 0 0 0 0 0 0 0 0 0 0 0
26,29,0,3,,,,,1 0 0 0 0 0 0 0 0 0 0 0,,,,,28,1 0 0 0 0 0 0 0 0 0 0 0
27,1,0,0,,,,,,,,,,0,1 0 0 0 0 0 0 0 0 0 0 0
27,3,0,3,,,,,1 0 0 0 0 0 0 0 0 0 0 0,"[Toda3]Th4.3(3),\ H(\alpha_{7}(3))=A_6",,,,31,1 0 0 0 0 0 0 0 0 0 0 0
27,3,1,3,,,,E^2 P=0,0 0 0 0 0 0 0 0 0 0 0 0,"[Toda3]p48, \ HP(\overline{Q}^{2}(\beta_{1}^{2}))=AB^{2}",,,,32,0 1 0 0 0 0 0 0 0 0 0 0
27,5,0,3,,,,,1 0 0 0 0 0 0 0 0 0 0 0,,,,,31,1 0 0 0 0 0 0 0 0 0 0 0
27,7,0,3,,,,,1 0 0 0 0 0 0 0 0 0 0 0,,,,,31,1 0 0 0 0 0 0 0 0 0 0 0
27,9,0,3,,,,,1 0 0 0 0 0 0 0 0 0 0 0,,,,,31,1 0 0 0 0 0 0 0 0 0 0 0
27,11,0,3,,,,,1 0 0 0 0 0 0 0 0 0 0 0,HE^{2}=0,,,,31,1 0 0 0 0 0 0 0 0 0 0 0
27,13,0,3,,,,,1 0 0 0 0 0 0 0 0 0 0 0,,,,,31,1 0 0 0 0 0 0 0 0 0 0 0
27,15,0,3,,,,,1 0 0 0 0 0 0 0 0 0 0 0,,,,,31,1 0 0 0 0 0 0 0 0 0 0 0
27,17,0,3,,,,,1 0 0 0 0 0 0 0 0 0 0 0,,,,,31,1 0 0 0 0 0 0 0 0 0 0 0
27,19,0,3,,,,,1 0 0 0 0 0 0 0 0 0 0 0,,,,,31,1 0 0 0 0 0 0 0 0 0 0 0
27,21,0,3,,,,,1 0 0 0 0 0 0 0 0 0 0 0,,,,,31,1 0 0 0 0 0 0 0 0 0 0 0
27,23,0,3,,,,,1 0 0 0 0 0 0 0 0 0 0 0,,,,,31,1 0 0 0 0 0 0 0 0 0 0 0
27,25,0,3,,,,,1 0 0 0 0 0 0 0 0 0 0 0,,,,,31,1 0 0 0 0 0 0 0 0 0 0 0
27,27,0,3,,,,,1 0 0 0 0 0 0 0 0 0 0 0,,,,,31,1 0 0 0 0 0 0 0 0 0 0 0
27,29,0,3,,,,,1 0 0 0 0 0 0 0 0 0 0 0,,,,,31,1 0 0 0 0 0 0 0 0 0 0 0
27,,,0,,,,,,,,,,0,1 0 0 0 0 0 0 0 0 0 0 0
28,1,0,0,,,,,,,,,,0,1 0 0 0 0 0 0 0 0 0 0 0
28,3,0,0,,,,,,,,,,0,1 0 0 0 0 0 0 0 0 0 0 0
28,5,0,0,,,,,,,,,,0,1 0 0 0 0 0 0 0 0 0 0 0
28,7,0,0,,,,,,,,,,0,1 0 0 0 0 0 0 0 0 0 0 0
28,9,0,3,,,,E^2 P=0,0 0 0 0 0 0 0 0 0 0 0 0,"[Toda3]Th5.2(1),\ HP(b)=ab",,,,17,1 0 0 0 0 0 0 0 0 0 0 0
28,11,0,0,,,,,,,,,,0,1 0 0 0 0 0 0 0 0 0 0 0
28,13,0,0,,,,,,,,,,0,1 0 0 0 0 0 0 0 0 0 0 0
28,15,0,0,,,,,,,,,,0,1 0 0 0 0 0 0 0 0 0 0 0
28,17,0,0,,,,,,,,,,0,1 0 0 0 0 0 0 0 0 0 0 0
28,19,0,0,,,,,,,,,,0,1 0 0 0 0 0 0 0 0 0 0 0
28,21,0,0,,,,,,,,,,0,1 0 0 0 0 0 0 0 0 0 0 0
28,23,0,0,,,,,,,,,,0,1 0 0 0 0 0 0 0 0 0 0 0
28,25,0,0,,,,,,,,,,0,1 0 0 0 0 0 0 0 0 0 0 0
28,27,0,0,,,,,,,,,,0,1 0 0 0 0 0 0 0 0 0 0 0
28,29,0,0,,,,,,,,,,0,1 0 0 0 0 0 0 0 0 0 0 0
28,31,0,0,,,,,,,,,,0,1 0 0 0 0 0 0 0 0 0 0 0
29,1,0,0,,,,,,,,,,0,1 0 0 0 0 0 0 0 0 0 0 0
29,3,0,0,,,,,,,,,,0,1 0 0 0 0 0 0 0 0 0 0 0
29,5,0,3,,,,"[Toda,Ite2]Lem11.2, \ E^2(\alpha_{1}\beta_{2}(5))=\alpha_{1}(7)\beta_{2}(10)",1 0 0 0 0 0 0 0 0 0 0 0,,,,,33,1 0 0 0 0 0 0 0 0 0 0 0
29,7,0,3,,,,,,,,,,1 28,1 0 0 0 0 0 0 0 0 0 0 0
29,9,0,3,,,,,,H E^{2}=0,,,,1 28,1 0 0 0 0 0 0 0 0 0 0 0
29,9,1,3,,,,E^2 P=0,0 0 0 0 0 0 0 0 0 0 0 0,"[Toda3]Th5.2(1),\ HP(\overline{Q}^{4}(\beta_{1}))=AB",,,,34,0 1 0 0 0 0 0 0 0 0 0 0
29,11,0,3,,,,,,,,,,1 28,1 0 0 0 0 0 0 0 0 0 0 0
29,13,0,3,,,,,,,,,,1 28,1 0 0 0 0 0 0 0 0 0 0 0
29,15,0,3,,,,,,,,,,1 28,1 0 0 0 0 0 0 0 0 0 0 0
29,17,0,3,,,,,,,,,,1 28,1 0 0 0 0 0 0 0 0 0 0 0
29,19,0,3,,,,,,,,,,1 28,1 0 0 0 0 0 0 0 0 0 0 0
29,21,0,3,,,,,,,,,,1 28,1 0 0 0 0 0 0 0 0 0 0 0
29,23,0,3,,,,,,,,,,1 28,1 0 0 0 0 0 0 0 0 0 0 0
29,25,0,3,,,,,,,,,,1 28,1 0 0 0 0 0 0 0 0 0 0 0
29,27,0,3,,,,,,,,,,1 28,1 0 0 0 0 0 0 0 0 0 0 0
29,29,0,3,,,,,,,,,,1 28,1 0 0 0 0 0 0 0 0 0 0 0
29,31,0,3,,,,,,,,,,1 28,1 0 0 0 0 0 0 0 0 0 0 0
30,1,0,0,,,,,,,,,,0,1 0 0 0 0 0 0 0 0 0 0 0
30,3,0,3,,,,E^{2}P=0,,"[Toda3]Th4.2(2),\ H(\alpha_{8}^{*}(3))=a_{7}",,,,35,1 0 0 0 0 0 0 0 0 0 0 0
30,5,0,3,,,,E^{2}P=0,,"[Toda3]Th4.2(2),\ H(\alpha_{8}^{*}(5))=a_{6}",,,,35,1 0 0 0 0 0 0 0 0 0 0 0
30,5,1,3,,,,,,"[Toda3]Th5.2(3),\ H(\beta_{1}(5)^{3})=ab^{2}",,,,3 3 3,0 1 0 0 0 0 0 0 0 0 0 0
30,7,0,3,,,,E^{2}P=0,,"[Toda3]Th4.2(2),\ H(\alpha_{8}^{*}(7))=a_{5}",,,,35,1 0 0 0 0 0 0 0 0 0 0 0
30,7,1,3,,,,,,,,,,3 3 3,0 1 0 0 0 0 0 0 0 0 0 0
30,9,0,3,,,,E^{2}P=0,,"[Toda3]Th4.2(2),\ H(\alpha_{8}^{*}(9))=a_{4}",,,,35,1 0 0 0 0 0 0 0 0 0 0 0
30,9,1,3,,,,,,,,,,3 3 3,0 1 0 0 0 0 0 0 0 0 0 0
30,11,0,3,,,,E^{2}P=0,,"[Toda3]Th4.2(2),\ H(\alpha_{8}^{*}(11))=a_{3}",,,,35,1 0 0 0 0 0 0 0 0 0 0 0
30,11,1,3,,,,,,,,,,3 3 3,0 1 0 0 0 0 0 0 0 0 0 0
30,13,0,3,,,,E^{2}P=0,,"[Toda3]Th4.2(2),\ H(\alpha_{8}^{*}(13))=a_{2}",,,,35,1 0 0 0 0 0 0 0 0 0 0 0
30,13,1,3,,,,,,,,,,3 3 3,0 1 0 0 0 0 0 0 0 0 0 0
30,15,0,3,,,,E^{2}P=0,,"[Toda3]Th4.2(2),\ H(\alpha_{8}^{*}(15))=a_{1}",,,,35,1 0 0 0 0 0 0 0 0 0 0 0
30,15,1,3,,,,,,,,,,3 3 3,0 1 0 0 0 0 0 0 0 0 0 0
30,17,0,3,,,,,,,,,,3 3 3,1 0 0 0 0 0 0 0 0 0 0 0
30,19,0,3,,,,,,,,,,3 3 3,1 0 0 0 0 0 0 0 0 0 0 0
30,21,0,3,,,,,,,,,,3 3 3,1 0 0 0 0 0 0 0 0 0 0 0
30,23,0,3,,,,,,,,,,3 3 3,1 0 0 0 0 0 0 0 0 0 0 0
30,25,0,3,,,,,,,,,,3 3 3,1 0 0 0 0 0 0 0 0 0 0 0
30,27,0,3,,,,,,,,,,3 3 3,1 0 0 0 0 0 0 0 0 0 0 0
30,29,0,3,,,,,,,,,,3 3 3,1 0 0 0 0 0 0 0 0 0 0 0
30,31,0,3,,,,,,,,,,3 3 3,1 0 0 0 0 0 0 0 0 0 0 0
30,33,0,3,,,,,,,,,,3 3 3,1 0 0 0 0 0 0 0 0 0 0 0
31,1,0,0,,,,,,,,,,0,1 0 0 0 0 0 0 0 0 0 0 0
31,3,0,3,,,,,,"[Toda3]Th4.3(3),\ H(\alpha_{8}(3))=A_{7}",,,,36,1 0 0 0 0 0 0 0 0 0 0 0
31,5,0,3,,,,,,HE^{2}=0,,,,36,1 0 0 0 0 0 0 0 0 0 0 0
31,5,1,3,,,,E^{2}P=0,,"[Toda3]Th5.2(2),\ H\Delta\xi(ab,b^{2})=HP(B^{2})=AB^{2}",,,,18,0 1 0 0 0 0 0 0 0 0 0 0
31,7,0,3,,,,,,,,,,36,1 0 0 0 0 0 0 0 0 0 0 0
31,7,1,3,,,,"E^{2}\xi(ab,b^{2})\ne0",,"[Toda3]Th5.2(2), \ H(\xi(ab,b^{2}))=b^{2}",,,,18,0 1 0 0 0 0 0 0 0 0 0 0
31,9,0,3,,,,,,HE^{2}=0,,,,36,1 0 0 0 0 0 0 0 0 0 0 0
31,9,1,3,,,,E^{2}P=0,,HE^{2}=0,,,,18,0 1 0 0 0 0 0 0 0 0 0 0
31,11,0,3,,,,,,,,,,36,1 0 0 0 0 0 0 0 0 0 0 0
31,13,0,3,,,,,,,,,,36,1 0 0 0 0 0 0 0 0 0 0 0
31,15,0,3,,,,,,,,,,36,1 0 0 0 0 0 0 0 0 0 0 0
31,17,0,3,,,,,,,,,,36,1 0 0 0 0 0 0 0 0 0 0 0
31,19,0,3,,,,,,,,,,36,1 0 0 0 0 0 0 0 0 0 0 0
31,21,0,3,,,,,,,,,,36,1 0 0 0 0 0 0 0 0 0 0 0
31,23,0,3,,,,,,,,,,36,1 0 0 0 0 0 0 0 0 0 0 0
31,25,0,3,,,,,,,,,,36,1 0 0 0 0 0 0 0 0 0 0 0
31,27,0,3,,,,,,,,,,36,1 0 0 0 0 0 0 0 0 0 0 0
31,29,0,3,,,,,,,,,,36,1 0 0 0 0 0 0 0 0 0 0 0
31,31,0,3,,,,,,,,,,36,1 0 0 0 0 0 0 0 0 0 0 0
31,33,0,3,,,,,,,,,,36,1 0 0 0 0 0 0 0 0 0 0 0
32,1,0,0,,,,,,,,,,0,1 0 0 0 0 0 0 0 0 0 0 0
32,3,0,3,,,,,,"[Toda3]Th5.2(1),\ HP(b_{2})=ab_{2}",,,,37,1 0 0 0 0 0 0 0 0 0 0 0
32,5,0,0,,,,,,,,,,0,1 0 0 0 0 0 0 0 0 0 0 0
32,7,0,0,,,,,,,,,,0,1 0 0 0 0 0 0 0 0 0 0 0
32,9,0,0,,,,,,,,,,0,1 0 0 0 0 0 0 0 0 0 0 0
32,11,0,0,,,,,,,,,,0,1 0 0 0 0 0 0 0 0 0 0 0
32,13,0,0,,,,,,,,,,0,1 0 0 0 0 0 0 0 0 0 0 0
32,15,0,0,,,,,,,,,,0,1 0 0 0 0 0 0 0 0 0 0 0
32,17,0,0,,,,,,,,,,0,1 0 0 0 0 0 0 0 0 0 0 0
32,19,0,0,,,,,,,,,,0,1 0 0 0 0 0 0 0 0 0 0 0
32,21,0,0,,,,,,,,,,0,1 0 0 0 0 0 0 0 0 0 0 0
32,23,0,0,,,,,,,,,,0,1 0 0 0 0 0 0 0 0 0 0 0
32,25,0,0,,,,,,,,,,0,1 0 0 0 0 0 0 0 0 0 0 0
32,27,0,0,,,,,,,,,,0,1 0 0 0 0 0 0 0 0 0 0 0
32,29,0,0,,,,,,,,,,0,1 0 0 0 0 0 0 0 0 0 0 0
32,31,0,0,,,,,,,,,,0,1 0 0 0 0 0 0 0 0 0 0 0
32,33,0,0,,,,,,,,,,0,1 0 0 0 0 0 0 0 0 0 0 0
32,35,0,0,,,,,,,,,,0,1 0 0 0 0 0 0 0 0 0 0 0
33,1,0,0,,,,,,,,,,0,1 0 0 0 0 0 0 0 0 0 0 0
33,3,0,3,,,,E^{2}P=0,,"[Toda3]Th5.2(1),\ HP(B_{2})=AB_{2}",,,,38,1 0 0 0 0 0 0 0 0 0 0 0
33,3,1,3,,,,,,"[Toda3]p48, \ H(\alpha_1(3)\beta_1(6))=b",,,,1 3 3 3,0 1 0 0 0 0 0 0 0 0 0 0
33,5,0,3,,,,,,,,,,1 3 3 3,1 0 0 0 0 0 0 0 0 0 0 0
33,7,0,3,,,,,,,,,,1 3 3 3,1 0 0 0 0 0 0 0 0 0 0 0
33,9,0,3,,,,,,,,,,1 3 3 3,1 0 0 0 0 0 0 0 0 0 0 0
33,11,0,3,,,,"[Toda3]Th5.2(3),\ 3v=\alpha_{1}\beta_{1}^{3}(13)",,,,,,1 3 3 3,1 0 0 0 0 0 0 0 0 0 0 0
33,11,1,3,,,,E^{2}P=0,,"[Toda3]Th5.2(3),\ HP(B)=AB",,,,39,0 1 0 0 0 0 0 0 0 0 0 0
33,13,0,9,,,,"[Toda3]Th5.2(3),\ E^{2}v=P(a)",,"[Toda3]Th5.2(3),\ H(v)=b",,,,40,1 0 0 0 0 0 0 0 0 0 0 0
33,15,0,3,,,,E^{2}P=0,,HE^{2}=0,,,,40,1 0 0 0 0 0 0 0 0 0 0 0
33,17,0,0,,,,,,,,,,0,1 0 0 0 0 0 0 0 0 0 0 0
33,19,0,0,,,,,,,,,,0,1 0 0 0 0 0 0 0 0 0 0 0
33,21,0,0,,,,,,,,,,0,1 0 0 0 0 0 0 0 0 0 0 0
33,23,0,0,,,,,,,,,,0,1 0 0 0 0 0 0 0 0 0 0 0
33,25,0,0,,,,,,,,,,0,1 0 0 0 0 0 0 0 0 0 0 0
33,27,0,0,,,,,,,,,,0,1 0 0 0 0 0 0 0 0 0 0 0
33,29,0,0,,,,,,,,,,0,1 0 0 0 0 0 0 0 0 0 0 0
33,31,0,0,,,,,,,,,,0,1 0 0 0 0 0 0 0 0 0 0 0
33,33,0,0,,,,,,,,,,0,1 0 0 0 0 0 0 0 0 0 0 0
33,35,0,0,,,,,,,,,,0,1 0 0 0 0 0 0 0 0 0 0 0
34,1,0,0,,,,,,,,,,0,1 0 0 0 0 0 0 0 0 0 0 0
34,3,0,3,,,,"[Toda3]Th4.3(1),\ E^{2}\alpha_{9}^{*}(3)=3\alpha_{9}^{*}{'}(5)",,"[Toda3]Th4.3(5),\ H(\alpha_{9}^{*}(3))=a_{8}",,,,41,1 0 0 0 0 0 0 0 0 0 0 0
34,3,1,3,,,,"[Toda3]Prop5.3,\ E^{2}\xi(B^{3},AB^{2})=P(AB^{2})\ne0",,"[Toda3]Prop5.3,\ H(\xi(B^{3},AB^{2}))=B^{3}",,,,42,0 1 0 0 0 0 0 0 0 0 0 0
34,5,0,9,,,,"[Toda3]Th4.3(1),\ E^{2}\alpha_{9}^{*}{'}(5)=3\alpha_{9}^{*(2)}(7)",,"[Toda3]Th4.3(5),\ H(\alpha_{9}^{*}{'}(5))=a_{7}",,,,43,1 0 0 0 0 0 0 0 0 0 0 0
34,5,1,3,,,,E^{2}P=0,,HE^{2}=0,,,,42,0 1 0 0 0 0 0 0 0 0 0 0
34,7,0,27,,,,"[Toda3]Th4.3(1),\ E^{2}\alpha_{9}^{*(2)}(7)=3\alpha_{9}^{*(2)}(9)",,"[Toda3]Th4.3(5),\ H(\alpha_{9}^{*(2)}(7))=a_{6}",,,,46,1 0 0 0 0 0 0 0 0 0 0 0
34,7,1,3,,,,E^{2}P=0,,"[Toda3]Th5.2(2),\ HP(b^{2})=ab^{2}",,,,44,0 1 0 0 0 0 0 0 0 0 0 0
34,9,0,27,,,,"[Toda3]Th4.3(1),\ E^{2}\alpha_{9}^{*(2)}(11)=3\alpha_{9}^{*(2)}(13)",,"[Toda3]Th4.3(5),\ H(\alpha_{9}^{*(2)}(9))=a_{5}",,,,46,1 0 0 0 0 0 0 0 0 0 0 0
34,11,0,27,,,,"[Toda3]Th4.3(1),\ E^{2}\alpha_{9}^{*(2)}(11)=3\alpha_{9}^{*(2)}(13)",,"[Toda3]Th4.3(5),\ H(\alpha_{9}^{*(2)}(11))=a_{4}",,,,46,1 0 0 0 0 0 0 0 0 0 0 0
34,13,0,27,,,,"[Toda3]Th4.3(1),\ E^{2}\alpha_{9}^{*(2)}(13)=\alpha_{9}^{*}{'}(15)",,"[Toda3]Th4.3(5),\ H(\alpha_{9}^{*(2)}(13))=a_{3}",,,,46,1 0 0 0 0 0 0 0 0 0 0 0
34,15,0,9,,,,"[Toda3]Th4.3(1),\ E^{2}\alpha_{9}^{*}{'}(15)=\alpha_{9}^{*}(17)",,HE^{2}=0,,,,43,1 0 0 0 0 0 0 0 0 0 0 0
34,17,0,3,,,,E^{2}P=0,,HE^{2}=0,,,,41,1 0 0 0 0 0 0 0 0 0 0 0
34,19,0,0,,,,,,,,,,0,1 0 0 0 0 0 0 0 0 0 0 0
34,21,0,0,,,,,,,,,,0,1 0 0 0 0 0 0 0 0 0 0 0
34,23,0,0,,,,,,,,,,0,1 0 0 0 0 0 0 0 0 0 0 0
34,25,0,0,,,,,,,,,,0,1 0 0 0 0 0 0 0 0 0 0 0
34,27,0,0,,,,,,,,,,0,1 0 0 0 0 0 0 0 0 0 0 0
34,29,0,0,,,,,,,,,,0,1 0 0 0 0 0 0 0 0 0 0 0
34,31,0,0,,,,,,,,,,0,1 0 0 0 0 0 0 0 0 0 0 0
34,33,0,0,,,,,,,,,,0,1 0 0 0 0 0 0 0 0 0 0 0
34,35,0,0,,,,,,,,,,0,1 0 0 0 0 0 0 0 0 0 0 0
34,37,0,0,,,,,,,,,,0,1 0 0 0 0 0 0 0 0 0 0 0
35,1,0,0,,,,,,,,,,0,1 0 0 0 0 0 0 0 0 0 0 0
35,3,0,3,,,,"[Toda3]Th4.3(2),\ E^{2}\alpha_{9}(3)=3\alpha'_{9}(5)",,"[Toda3]Th4.3(3),\ H(\alpha_{9}(3))=A_{8}",,,,48,1 0 0 0 0 0 0 0 0 0 0 0
35,5,0,9,,,,"[Toda3]Th4.3(2),\ E^{2}\alpha'_{9}(5)=3\alpha''_{9}(7)",,"[Toda3]Th4.3(3),\ H(\alpha'_{9}(5))=A_{7}",,,,49,1 0 0 0 0 0 0 0 0 0 0 0
35,7,0,27,,,,,,"[Toda3]Th4.3(3),\ H(\alpha''_{9}(7))=A_{6}",,,,50,1 0 0 0 0 0 0 0 0 0 0 0
35,9,0,27,,,,,,,,,,50,1 0 0 0 0 0 0 0 0 0 0 0
35,11,0,27,,,,,,,,,,50,1 0 0 0 0 0 0 0 0 0 0 0
35,13,0,27,,,,,,,,,,50,1 0 0 0 0 0 0 0 0 0 0 0
35,15,0,27,,,,,,,,,,50,1 0 0 0 0 0 0 0 0 0 0 0
35,17,0,27,,,,,,,,,,50,1 0 0 0 0 0 0 0 0 0 0 0
35,19,0,27,,,,,,,,,,50,1 0 0 0 0 0 0 0 0 0 0 0
35,21,0,27,,,,,,,,,,50,1 0 0 0 0 0 0 0 0 0 0 0
35,23,0,27,,,,,,,,,,50,1 0 0 0 0 0 0 0 0 0 0 0
35,25,0,27,,,,,,,,,,50,1 0 0 0 0 0 0 0 0 0 0 0
35,27,0,27,,,,,,,,,,50,1 0 0 0 0 0 0 0 0 0 0 0
35,29,0,27,,,,,,,,,,50,1 0 0 0 0 0 0 0 0 0 0 0
35,31,0,27,,,,,,,,,,50,1 0 0 0 0 0 0 0 0 0 0 0
35,33,0,27,,,,,,,,,,50,1 0 0 0 0 0 0 0 0 0 0 0
35,35,0,27,,,,,,,,,,50,1 0 0 0 0 0 0 0 0 0 0 0
35,37,0,27,,,,,,,,,,50,1 0 0 0 0 0 0 0 0 0 0 0
36,1,0,0,,,,,,,,,,0,1 0 0 0 0 0 0 0 0 0 0 0
36,3,0,3,,,,E^{2}P=0,,"[Toda3]Th5.3(1), \ HP(b^{3})=ab^{3}",,,,51,1 0 0 0 0 0 0 0 0 0 0 0
36,5,0,3,,,,,,"[Toda3]Th5.3(3), \ H(\beta_{1}(5)\beta_{2}(15))=ab_{2}",,,,3 28,1 0 0 0 0 0 0 0 0 0 0 0
36,7,0,3,,,,,,,,,,3 28,1 0 0 0 0 0 0 0 0 0 0 0
36,9,0,3,,,,,,HE^{2}=0,,,,3 28,1 0 0 0 0 0 0 0 0 0 0 0
36,9,1,3,,,,,,"[Toda3]Th5.3(2), \ H(\xi(AB,B^{2}))=B^{2}",,,,52,0 1 0 0 0 0 0 0 0 0 0 0
36,11,0,3,,,,,,,,,,3 28,1 0 0 0 0 0 0 0 0 0 0 0
36,11,1,3,,,,E^{2}P=0,,,,,,52,0 1 0 0 0 0 0 0 0 0 0 0
36,13,0,3,,,,,,,,,,3 28,1 0 0 0 0 0 0 0 0 0 0 0
36,13,1,3,,,,E^{2}P=0,,"[Toda3]Th5.3(2), \ HP(b)=ab",,,,53,0 1 0 0 0 0 0 0 0 0 0 0
36,15,0,3,,,,,,,,,,3 28,1 0 0 0 0 0 0 0 0 0 0 0
36,17,0,3,,,,,,,,,,3 28,1 0 0 0 0 0 0 0 0 0 0 0
36,19,0,3,,,,,,,,,,3 28,1 0 0 0 0 0 0 0 0 0 0 0
36,21,0,3,,,,,,,,,,3 28,1 0 0 0 0 0 0 0 0 0 0 0
36,23,0,3,,,,,,,,,,3 28,1 0 0 0 0 0 0 0 0 0 0 0
36,25,0,3,,,,,,,,,,3 28,1 0 0 0 0 0 0 0 0 0 0 0
36,27,0,3,,,,,,,,,,3 28,1 0 0 0 0 0 0 0 0 0 0 0
36,29,0,3,,,,,,,,,,3 28,1 0 0 0 0 0 0 0 0 0 0 0
36,31,0,3,,,,,,,,,,3 28,1 0 0 0 0 0 0 0 0 0 0 0
36,33,0,3,,,,,,,,,,3 28,1 0 0 0 0 0 0 0 0 0 0 0
36,35,0,3,,,,,,,,,,3 28,1 0 0 0 0 0 0 0 0 0 0 0
36,37,0,3,,,,,,,,,,3 28,1 0 0 0 0 0 0 0 0 0 0 0
36,39,0,3,,,,,,,,,,3 28,1 0 0 0 0 0 0 0 0 0 0 0
37,1,0,0,,,,,,,,,,0,1 0 0 0 0 0 0 0 0 0 0 0
37,3,0,3,,,,E^{2}P=0,,"[Toda3]Th5.3(1), \ HP(B^{3})=AB^{3}",,,,54,1 0 0 0 0 0 0 0 0 0 0 0
37,5,0,3,,,,E^{2}P=0,,"[Toda3]Th5.3(3), \ HP(B_{2})=AB_{2}",,,,55,1 0 0 0 0 0 0 0 0 0 0 0
37,7,0,3,,,,,,"[Toda3]Th5.3(3), \ H(\epsilon'(7))=b_{2}",,,,56,1 0 0 0 0 0 0 0 0 0 0 0
37,9,0,3,,,,,,,,,,56,1 0 0 0 0 0 0 0 0 0 0 0
37,11,0,3,,,,,,,,,,56,1 0 0 0 0 0 0 0 0 0 0 0
37,13,0,3,,,,,,,,,,56,1 0 0 0 0 0 0 0 0 0 0 0
37,15,0,3,,,,,,,,,,56,1 0 0 0 0 0 0 0 0 0 0 0
37,17,0,3,,,,,,,,,,56,1 0 0 0 0 0 0 0 0 0 0 0
37,19,0,3,,,,,,,,,,56,1 0 0 0 0 0 0 0 0 0 0 0
37,21,0,3,,,,,,,,,,56,1 0 0 0 0 0 0 0 0 0 0 0
37,23,0,3,,,,,,,,,,56,1 0 0 0 0 0 0 0 0 0 0 0
37,25,0,3,,,,,,,,,,56,1 0 0 0 0 0 0 0 0 0 0 0
37,27,0,3,,,,,,,,,,56,1 0 0 0 0 0 0 0 0 0 0 0
37,29,0,3,,,,,,,,,,56,1 0 0 0 0 0 0 0 0 0 0 0
37,31,0,3,,,,,,,,,,56,1 0 0 0 0 0 0 0 0 0 0 0
37,33,0,3,,,,,,,,,,56,1 0 0 0 0 0 0 0 0 0 0 0
37,35,0,3,,,,,,,,,,56,1 0 0 0 0 0 0 0 0 0 0 0
37,37,0,3,,,,,,,,,,56,1 0 0 0 0 0 0 0 0 0 0 0
37,39,0,3,,,,,,,,,,56,1 0 0 0 0 0 0 0 0 0 0 0
38,1,0,0,,,,,,,,,,0,1 0 0 0 0 0 0 0 0 0 0 0
38,3,0,3,,,,E^{2}P=0,,"[Toda3]Th4.2(2),\ H(\alpha_{10}^{*}(3))=a_{9}",,,,57,1 0 0 0 0 0 0 0 0 0 0 0
38,5,0,3,,,,E^{2}P=0,,"[Toda3]Th4.2(2),\ H(\alpha_{10}^{*}(5))=a_{8}",,,,57,1 0 0 0 0 0 0 0 0 0 0 0
38,7,0,3,,,,E^{2}P=0,,"[Toda3]Th4.2(2),\ H(\alpha_{10}^{*}(7))=a_{7}",,,,57,1 0 0 0 0 0 0 0 0 0 0 0
38,9,0,3,,,,E^{2}P=0,,"[Toda3]Th4.2(2),\ H(\alpha_{10}^{*}(9))=a_{6}",,,,57,1 0 0 0 0 0 0 0 0 0 0 0
38,9,1,3,,,,E^{2}P=0,,"[Toda3]Th5.3(1), \ HP(b^{2})=ab^{2}",,,,58,0 1 0 0 0 0 0 0 0 0 0 0
38,11,0,3,,,,E^{2}P=0,,"[Toda3]Th4.2(2),\ H(\alpha_{10}^{*}(11))=a_{5}",,,,57,1 0 0 0 0 0 0 0 0 0 0 0
38,13,0,3,,,,E^{2}P=0,,"[Toda3]Th4.2(2),\ H(\alpha_{10}^{*}(13))=a_{4}",,,,57,1 0 0 0 0 0 0 0 0 0 0 0
38,15,0,3,,,,E^{2}P=0,,"[Toda3]Th4.2(2),\ H(\alpha_{10}^{*}(15))=a_{3}",,,,57,1 0 0 0 0 0 0 0 0 0 0 0
38,15,1,3,,,,,,"[Toda3]Th5.3(3), \ H(\epsilon_{1}(15))=B",,,,59,0 1 0 0 0 0 0 0 0 0 0 0
38,17,0,3,,,,E^{2}P=0,,"[Toda3]Th4.2(2),\ H(\alpha_{10}^{*}(17))=a_{2}",,,,57,1 0 0 0 0 0 0 0 0 0 0 0
38,17,1,3,,,,,,HE^{2}=0,,,,59,0 1 0 0 0 0 0 0 0 0 0 0
38,19,0,3,,,,E^{2}P=0,,"[Toda3]Th4.2(2),\ H(\alpha_{10}^{*}(19))=a_{1}",,,,57,1 0 0 0 0 0 0 0 0 0 0 0
38,19,1,3,,,,,,HE^{2}=0,,,,59,0 1 0 0 0 0 0 0 0 0 0 0
38,21,0,3,,,,,,HE^{2}=0,,,,59,1 0 0 0 0 0 0 0 0 0 0 0
38,23,0,3,,,,,,HE^{2}=0,,,,59,1 0 0 0 0 0 0 0 0 0 0 0
38,25,0,3,,,,,,HE^{2}=0,,,,59,1 0 0 0 0 0 0 0 0 0 0 0
38,27,0,3,,,,,,HE^{2}=0,,,,59,1 0 0 0 0 0 0 0 0 0 0 0
38,29,0,3,,,,,,HE^{2}=0,,,,59,1 0 0 0 0 0 0 0 0 0 0 0
38,31,0,3,,,,,,HE^{2}=0,,,,59,1 0 0 0 0 0 0 0 0 0 0 0
38,33,0,3,,,,,,HE^{2}=0,,,,59,1 0 0 0 0 0 0 0 0 0 0 0
38,35,0,3,,,,,,HE^{2}=0,,,,59,1 0 0 0 0 0 0 0 0 0 0 0
38,37,0,3,,,,,,HE^{2}=0,,,,59,1 0 0 0 0 0 0 0 0 0 0 0
38,39,0,3,,,,,,HE^{2}=0,,,,59,1 0 0 0 0 0 0 0 0 0 0 0
38,41,0,3,,,,,,HE^{2}=0,,,,59,1 0 0 0 0 0 0 0 0 0 0 0
